frame,location,latitude,longitude,defects,count
frame_00001.jpg,"Ahmednagar, Maharashtra, 414001, India",19.0957,74.75153,edge line,1
frame_00002.jpg,"Ahmednagar, Maharashtra, 414001, India",19.0957,74.75153,edge line,1
frame_00003.jpg,"Ahmednagar, Maharashtra, 414001, India",19.0957,74.75153,edge line,1
frame_00004.jpg,"Ahmednagar, Maharashtra, 414001, India",19.0957,74.75153,edge line,1
frame_00005.jpg,"Ahmednagar, Maharashtra, 414001, India",19.0957,74.75153,edge line,1
frame_00006.jpg,"Ahmednagar, Maharashtra, 414001, India",19.0957,74.75153,edge line,1
frame_00007.jpg,"Ahmednagar, Maharashtra, 414001, India",19.0957,74.75153,edge line,1
frame_00008.jpg,"Ahmednagar, Maharashtra, 414001, India",19.0957,74.75153,edge line,1
frame_00009.jpg,"Ahmednagar, Maharashtra, 414001, India",19.0957,74.75153,edge line,1
frame_00010.jpg,"Ahmednagar, Maharashtra, 414001, India",19.0957,74.75153,edge line,1
frame_00011.jpg,"Ahmednagar, Maharashtra, 414001, India",19.0957,74.75153,edge line,1
frame_00012.jpg,"Ahmednagar, Maharashtra, 414001, India",19.095634,74.75157,"crack, edge line",3
frame_00013.jpg,"Ahmednagar, Maharashtra, 414001, India",19.095634,74.75157,edge line,1
frame_00014.jpg,"Ahmednagar, Maharashtra, 414001, India",19.095634,74.75157,edge line,1
frame_00015.jpg,"Ahmednagar, Maharashtra, 414001, India",19.095634,74.75157,edge line,2
frame_00016.jpg,"Ahmednagar, Maharashtra, 414001, India",19.095634,74.75157,edge line,1
frame_00017.jpg,"Ahmednagar, Maharashtra, 414001, India",19.095634,74.75157,edge line,1
frame_00018.jpg,"Ahmednagar, Maharashtra, 414001, India",19.095634,74.75157,edge line,1
frame_00019.jpg,"Ahmednagar, Maharashtra, 414001, India",19.095634,74.75157,edge line,1
frame_00023.jpg,"Ahmednagar, Maharashtra, 414001, India",19.095634,74.75157,edge line,1
frame_00024.jpg,"Ahmednagar, Maharashtra, 414001, India",19.095634,74.75157,edge line,1
frame_00025.jpg,"Ahmednagar, Maharashtra, 414001, India",19.095634,74.75157,edge line,1
frame_00026.jpg,"Ahmednagar, Maharashtra, 414001, India",19.095634,74.75157,edge line,1
frame_00027.jpg,"Ahmednagar, Maharashtra, 414001, India",19.095634,74.75157,edge line,2
frame_00028.jpg,"Ahmednagar, Maharashtra, 414001, India",19.095564,74.75161,edge line,4
frame_00029.jpg,"Ahmednagar, Maharashtra, 414001, India",19.095564,74.75161,"edge line, lane divider",4
frame_00030.jpg,"Ahmednagar, Maharashtra, 414001, India",19.095564,74.75161,edge line,3
frame_00031.jpg,"Ahmednagar, Maharashtra, 414001, India",19.095564,74.75161,"crack, edge line, lane divider",5
frame_00032.jpg,"Ahmednagar, Maharashtra, 414001, India",19.095564,74.75161,"edge line, lane divider",4
frame_00033.jpg,"Ahmednagar, Maharashtra, 414001, India",19.095564,74.75161,"crack, edge line",4
frame_00034.jpg,"Ahmednagar, Maharashtra, 414001, India",19.095564,74.75161,edge line,3
frame_00035.jpg,"Ahmednagar, Maharashtra, 414001, India",19.095564,74.75161,edge line,2
frame_00036.jpg,"Ahmednagar, Maharashtra, 414001, India",19.095564,74.75161,edge line,2
frame_00037.jpg,"Ahmednagar, Maharashtra, 414001, India",19.095564,74.75161,edge line,2
frame_00038.jpg,"Ahmednagar, Maharashtra, 414001, India",19.095564,74.75161,edge line,2
frame_00039.jpg,"Ahmednagar, Maharashtra, 414001, India",19.095564,74.75161,edge line,2
frame_00040.jpg,"Ahmednagar, Maharashtra, 414001, India",19.095564,74.75161,edge line,2
frame_00041.jpg,"Ahmednagar, Maharashtra, 414001, India",19.095564,74.75161,edge line,2
frame_00042.jpg,"Ahmednagar, Maharashtra, 414001, India",19.095564,74.75161,edge line,1
frame_00043.jpg,"Ahmednagar, Maharashtra, 414001, India",19.095564,74.75161,edge line,2
frame_00044.jpg,"Ahmednagar, Maharashtra, 414001, India",19.095484,74.75165,edge line,3
frame_00045.jpg,"Ahmednagar, Maharashtra, 414001, India",19.095484,74.75165,edge line,4
frame_00046.jpg,"Ahmednagar, Maharashtra, 414001, India",19.095484,74.75165,edge line,4
frame_00047.jpg,"Ahmednagar, Maharashtra, 414001, India",19.095484,74.75165,edge line,3
frame_00048.jpg,"Ahmednagar, Maharashtra, 414001, India",19.095484,74.75165,"crack, edge line",4
frame_00049.jpg,"Ahmednagar, Maharashtra, 414001, India",19.095484,74.75165,"edge line, lane divider",3
frame_00050.jpg,"Ahmednagar, Maharashtra, 414001, India",19.095484,74.75165,edge line,3
frame_00051.jpg,"Ahmednagar, Maharashtra, 414001, India",19.095484,74.75165,"crack, edge line",4
frame_00052.jpg,"Ahmednagar, Maharashtra, 414001, India",19.095484,74.75165,"crack, edge line",4
frame_00053.jpg,"Ahmednagar, Maharashtra, 414001, India",19.095484,74.75165,edge line,1
frame_00054.jpg,"Ahmednagar, Maharashtra, 414001, India",19.095484,74.75165,edge line,3
frame_00055.jpg,"Ahmednagar, Maharashtra, 414001, India",19.095484,74.75165,edge line,2
frame_00056.jpg,"Ahmednagar, Maharashtra, 414001, India",19.095484,74.75165,edge line,1
frame_00057.jpg,"Ahmednagar, Maharashtra, 414001, India",19.095484,74.75165,edge line,1
frame_00058.jpg,"Ahmednagar, Maharashtra, 414001, India",19.095484,74.75165,edge line,2
frame_00059.jpg,"Ahmednagar, Maharashtra, 414001, India",19.095484,74.75165,edge line,2
frame_00060.jpg,"Ahmednagar, Maharashtra, 414001, India",19.095419,74.75168,edge line,1
frame_00061.jpg,"Ahmednagar, Maharashtra, 414001, India",19.095419,74.75168,edge line,2
frame_00062.jpg,"Ahmednagar, Maharashtra, 414001, India",19.095419,74.75168,edge line,2
frame_00063.jpg,"Ahmednagar, Maharashtra, 414001, India",19.095419,74.75168,edge line,1
frame_00064.jpg,"Ahmednagar, Maharashtra, 414001, India",19.095419,74.75168,edge line,1
frame_00065.jpg,"Ahmednagar, Maharashtra, 414001, India",19.095419,74.75168,edge line,2
frame_00066.jpg,"Ahmednagar, Maharashtra, 414001, India",19.095419,74.75168,edge line,1
frame_00067.jpg,"Ahmednagar, Maharashtra, 414001, India",19.095419,74.75168,edge line,1
frame_00068.jpg,"Ahmednagar, Maharashtra, 414001, India",19.095419,74.75168,edge line,1
frame_00069.jpg,"Ahmednagar, Maharashtra, 414001, India",19.095419,74.75168,edge line,1
frame_00070.jpg,"Ahmednagar, Maharashtra, 414001, India",19.095419,74.75168,edge line,1
frame_00071.jpg,"Ahmednagar, Maharashtra, 414001, India",19.095419,74.75168,edge line,1
frame_00073.jpg,"Ahmednagar, Maharashtra, 414001, India",19.095419,74.75168,edge line,1
frame_00115.jpg,"Ahmednagar, Maharashtra, 414001, India",19.095232,74.75174,edge line,1
frame_00117.jpg,"Ahmednagar, Maharashtra, 414001, India",19.095232,74.75174,edge line,1
frame_00143.jpg,"Ahmednagar, Maharashtra, 414001, India",19.095087,74.751816,edge line,1
frame_00146.jpg,"Ahmednagar, Maharashtra, 414001, India",19.095087,74.751816,edge line,1
frame_00147.jpg,"Ahmednagar, Maharashtra, 414001, India",19.095087,74.751816,edge line,1
frame_00148.jpg,"Ahmednagar, Maharashtra, 414001, India",19.095087,74.751816,edge line,1
frame_00149.jpg,"Ahmednagar, Maharashtra, 414001, India",19.095087,74.751816,edge line,1
frame_00155.jpg,"Ahmednagar, Maharashtra, 414001, India",19.095087,74.751816,edge line,1
frame_00156.jpg,"Ahmednagar, Maharashtra, 414001, India",19.095087,74.751816,edge line,1
frame_00157.jpg,"Ahmednagar, Maharashtra, 414001, India",19.095024,74.751854,edge line,1
frame_00186.jpg,"Ahmednagar, Maharashtra, 414001, India",19.094952,74.7519,edge line,1
frame_00187.jpg,"Ahmednagar, Maharashtra, 414001, India",19.094952,74.7519,edge line,1
frame_00188.jpg,"Ahmednagar, Maharashtra, 414001, India",19.094952,74.7519,edge line,1
frame_00189.jpg,"Ahmednagar, Maharashtra, 414001, India",19.094872,74.75192,edge line,1
frame_00190.jpg,"Ahmednagar, Maharashtra, 414001, India",19.094872,74.75192,edge line,1
frame_00191.jpg,"Ahmednagar, Maharashtra, 414001, India",19.094872,74.75192,edge line,1
frame_00192.jpg,"Ahmednagar, Maharashtra, 414001, India",19.094872,74.75192,edge line,1
frame_00194.jpg,"Ahmednagar, Maharashtra, 414001, India",19.094872,74.75192,edge line,1
frame_00195.jpg,"Ahmednagar, Maharashtra, 414001, India",19.094872,74.75192,edge line,1
frame_00199.jpg,"Ahmednagar, Maharashtra, 414001, India",19.094872,74.75192,edge line,1
frame_00200.jpg,"Ahmednagar, Maharashtra, 414001, India",19.094872,74.75192,edge line,1
frame_00201.jpg,"Ahmednagar, Maharashtra, 414001, India",19.094872,74.75192,edge line,1
frame_00202.jpg,"Ahmednagar, Maharashtra, 414001, India",19.094872,74.75192,edge line,1
frame_00203.jpg,"Ahmednagar, Maharashtra, 414001, India",19.094872,74.75192,edge line,1
frame_00246.jpg,"Ahmednagar, Maharashtra, 414001, India",19.094671,74.75205,edge line,1
frame_00247.jpg,"Ahmednagar, Maharashtra, 414001, India",19.094671,74.75205,edge line,2
frame_00248.jpg,"Ahmednagar, Maharashtra, 414001, India",19.094671,74.75205,edge line,2
frame_00249.jpg,"Ahmednagar, Maharashtra, 414001, India",19.094671,74.75205,edge line,1
frame_00250.jpg,"Ahmednagar, Maharashtra, 414001, India",19.094671,74.75205,edge line,1
frame_00251.jpg,"Ahmednagar, Maharashtra, 414001, India",19.094671,74.75205,edge line,1
frame_00252.jpg,"Ahmednagar, Maharashtra, 414001, India",19.094671,74.75205,edge line,1
frame_00253.jpg,"Ahmednagar, Maharashtra, 414001, India",19.094606,74.75209,edge line,1
frame_00254.jpg,"Ahmednagar, Maharashtra, 414001, India",19.094606,74.75209,edge line,2
frame_00255.jpg,"Ahmednagar, Maharashtra, 414001, India",19.094606,74.75209,edge line,2
frame_00256.jpg,"Ahmednagar, Maharashtra, 414001, India",19.094606,74.75209,edge line,1
frame_00257.jpg,"Ahmednagar, Maharashtra, 414001, India",19.094606,74.75209,edge line,2
frame_00258.jpg,"Ahmednagar, Maharashtra, 414001, India",19.094606,74.75209,edge line,1
frame_00260.jpg,"Ahmednagar, Maharashtra, 414001, India",19.094606,74.75209,edge line,1
frame_00262.jpg,"Ahmednagar, Maharashtra, 414001, India",19.094606,74.75209,edge line,1
frame_00263.jpg,"Ahmednagar, Maharashtra, 414001, India",19.094606,74.75209,edge line,1
frame_00264.jpg,"Ahmednagar, Maharashtra, 414001, India",19.094606,74.75209,edge line,1
frame_00265.jpg,"Ahmednagar, Maharashtra, 414001, India",19.094606,74.75209,edge line,1
frame_00266.jpg,"Ahmednagar, Maharashtra, 414001, India",19.094606,74.75209,edge line,1
frame_00267.jpg,"Ahmednagar, Maharashtra, 414001, India",19.094606,74.75209,edge line,1
frame_00268.jpg,"Ahmednagar, Maharashtra, 414001, India",19.094534,74.75212,edge line,1
frame_00269.jpg,"Ahmednagar, Maharashtra, 414001, India",19.094534,74.75212,edge line,1
frame_00270.jpg,"Ahmednagar, Maharashtra, 414001, India",19.094534,74.75212,edge line,1
frame_00272.jpg,"Ahmednagar, Maharashtra, 414001, India",19.094534,74.75212,edge line,1
frame_00274.jpg,"Ahmednagar, Maharashtra, 414001, India",19.094534,74.75212,edge line,1
frame_00275.jpg,"Ahmednagar, Maharashtra, 414001, India",19.094534,74.75212,edge line,1
frame_00304.jpg,"Ahmednagar, Maharashtra, 414001, India",19.094406,74.7522,edge line,1
frame_00308.jpg,"Ahmednagar, Maharashtra, 414001, India",19.094406,74.7522,edge line,1
frame_00372.jpg,"Ahmednagar, Maharashtra, 414001, India",19.094177,74.75235,edge line,1
frame_00373.jpg,"Ahmednagar, Maharashtra, 414001, India",19.094177,74.75235,edge line,1
frame_00374.jpg,"Ahmednagar, Maharashtra, 414001, India",19.094177,74.75235,edge line,1
frame_00375.jpg,"Ahmednagar, Maharashtra, 414001, India",19.094177,74.75235,edge line,1
frame_00376.jpg,"Ahmednagar, Maharashtra, 414001, India",19.094177,74.75235,edge line,1
frame_00377.jpg,"Ahmednagar, Maharashtra, 414001, India",19.094177,74.75235,edge line,1
frame_00378.jpg,"Ahmednagar, Maharashtra, 414001, India",19.094177,74.75235,edge line,2
frame_00380.jpg,"Ahmednagar, Maharashtra, 414001, India",19.094114,74.752396,edge line,1
frame_00381.jpg,"Ahmednagar, Maharashtra, 414001, India",19.094114,74.752396,edge line,1
frame_00382.jpg,"Ahmednagar, Maharashtra, 414001, India",19.094114,74.752396,edge line,1
frame_00383.jpg,"Ahmednagar, Maharashtra, 414001, India",19.094114,74.752396,edge line,1
frame_00385.jpg,"Ahmednagar, Maharashtra, 414001, India",19.094114,74.752396,edge line,1
frame_00388.jpg,"Ahmednagar, Maharashtra, 414001, India",19.094114,74.752396,edge line,1
frame_00389.jpg,"Ahmednagar, Maharashtra, 414001, India",19.094114,74.752396,edge line,1
frame_00390.jpg,"Ahmednagar, Maharashtra, 414001, India",19.094114,74.752396,edge line,1
frame_00391.jpg,"Ahmednagar, Maharashtra, 414001, India",19.094114,74.752396,edge line,2
frame_00392.jpg,"Ahmednagar, Maharashtra, 414001, India",19.094114,74.752396,edge line,1
frame_00393.jpg,"Ahmednagar, Maharashtra, 414001, India",19.094114,74.752396,edge line,1
frame_00394.jpg,"Ahmednagar, Maharashtra, 414001, India",19.094114,74.752396,edge line,1
frame_00395.jpg,"Ahmednagar, Maharashtra, 414001, India",19.094053,74.752426,edge line,1
frame_00396.jpg,"Ahmednagar, Maharashtra, 414001, India",19.094053,74.752426,edge line,1
frame_00398.jpg,"Ahmednagar, Maharashtra, 414001, India",19.094053,74.752426,edge line,1
frame_00401.jpg,"Ahmednagar, Maharashtra, 414001, India",19.094053,74.752426,edge line,1
frame_00402.jpg,"Ahmednagar, Maharashtra, 414001, India",19.094053,74.752426,edge line,1
frame_00404.jpg,"Ahmednagar, Maharashtra, 414001, India",19.094053,74.752426,edge line,1
frame_00415.jpg,"Ahmednagar, Maharashtra, 414001, India",19.093992,74.75247,edge line,2
frame_00417.jpg,"Ahmednagar, Maharashtra, 414001, India",19.093992,74.75247,edge line,2
frame_00418.jpg,"Ahmednagar, Maharashtra, 414001, India",19.093992,74.75247,edge line,1
frame_00419.jpg,"Ahmednagar, Maharashtra, 414001, India",19.093992,74.75247,"crack, edge line",2
frame_00420.jpg,"Ahmednagar, Maharashtra, 414001, India",19.093992,74.75247,edge line,1
frame_00421.jpg,"Ahmednagar, Maharashtra, 414001, India",19.093992,74.75247,edge line,1
frame_00422.jpg,"Ahmednagar, Maharashtra, 414001, India",19.093992,74.75247,"edge line, lane divider",2
frame_00424.jpg,"Ahmednagar, Maharashtra, 414001, India",19.093992,74.75247,lane divider,1
frame_00426.jpg,"Ahmednagar, Maharashtra, 414001, India",19.093945,74.7525,edge line,1
frame_00427.jpg,"Ahmednagar, Maharashtra, 414001, India",19.093945,74.7525,edge line,1
frame_00428.jpg,"Ahmednagar, Maharashtra, 414001, India",19.093945,74.7525,edge line,1
frame_00429.jpg,"Ahmednagar, Maharashtra, 414001, India",19.093945,74.7525,edge line,1
frame_00430.jpg,"Ahmednagar, Maharashtra, 414001, India",19.093945,74.7525,edge line,1
frame_00432.jpg,"Ahmednagar, Maharashtra, 414001, India",19.093945,74.7525,edge line,1
frame_00433.jpg,"Ahmednagar, Maharashtra, 414001, India",19.093945,74.7525,edge line,1
frame_00434.jpg,"Ahmednagar, Maharashtra, 414001, India",19.093945,74.7525,edge line,1
frame_00435.jpg,"Ahmednagar, Maharashtra, 414001, India",19.093945,74.7525,edge line,2
frame_00436.jpg,"Ahmednagar, Maharashtra, 414001, India",19.093945,74.7525,edge line,2
frame_00437.jpg,"Ahmednagar, Maharashtra, 414001, India",19.093945,74.7525,edge line,2
frame_00438.jpg,"Ahmednagar, Maharashtra, 414001, India",19.093945,74.7525,edge line,2
frame_00439.jpg,"Ahmednagar, Maharashtra, 414001, India",19.093945,74.7525,edge line,1
frame_00457.jpg,"Ahmednagar, Maharashtra, 414001, India",19.093868,74.75256,"crack, edge line",2
frame_00458.jpg,"Ahmednagar, Maharashtra, 414001, India",19.093702,74.75269,edge line,1
frame_00459.jpg,"Ahmednagar, Maharashtra, 414001, India",19.093702,74.75269,"edge line, lane divider",2
frame_00461.jpg,"Ahmednagar, Maharashtra, 414001, India",19.093702,74.75269,edge line,1
frame_00462.jpg,"Ahmednagar, Maharashtra, 414001, India",19.093702,74.75269,edge line,1
frame_00463.jpg,"Ahmednagar, Maharashtra, 414001, India",19.093702,74.75269,lane divider,1
frame_00466.jpg,"Ahmednagar, Maharashtra, 414001, India",19.093702,74.75269,"edge line, lane divider",2
frame_00467.jpg,"Ahmednagar, Maharashtra, 414001, India",19.093702,74.75269,"crack, edge line",2
frame_00468.jpg,"Ahmednagar, Maharashtra, 414001, India",19.093702,74.75269,crack,1
frame_00469.jpg,"Ahmednagar, Maharashtra, 414001, India",19.093702,74.75269,lane divider,1
frame_00471.jpg,"Ahmednagar, Maharashtra, 414001, India",19.093702,74.75269,edge line,1
frame_00472.jpg,"Ahmednagar, Maharashtra, 414001, India",19.093702,74.75269,edge line,2
frame_00473.jpg,"Ahmednagar, Maharashtra, 414001, India",19.093702,74.75269,edge line,1
frame_00474.jpg,"Ahmednagar, Maharashtra, 414001, India",19.0935,74.75286,edge line,1
frame_00475.jpg,"Ahmednagar, Maharashtra, 414001, India",19.0935,74.75286,edge line,1
frame_00476.jpg,"Ahmednagar, Maharashtra, 414001, India",19.0935,74.75286,edge line,1
frame_00477.jpg,"Ahmednagar, Maharashtra, 414001, India",19.0935,74.75286,edge line,1
frame_00478.jpg,"Ahmednagar, Maharashtra, 414001, India",19.0935,74.75286,"crack, edge line",2
frame_00479.jpg,"Ahmednagar, Maharashtra, 414001, India",19.0935,74.75286,edge line,1
frame_00480.jpg,"Ahmednagar, Maharashtra, 414001, India",19.0935,74.75286,edge line,1
frame_00481.jpg,"Ahmednagar, Maharashtra, 414001, India",19.0935,74.75286,edge line,1
frame_00482.jpg,"Ahmednagar, Maharashtra, 414001, India",19.0935,74.75286,edge line,1
frame_00483.jpg,"Ahmednagar, Maharashtra, 414001, India",19.0935,74.75286,crack,1
frame_00485.jpg,"Ahmednagar, Maharashtra, 414001, India",19.0935,74.75286,edge line,1
frame_00486.jpg,"Ahmednagar, Maharashtra, 414001, India",19.0935,74.75286,edge line,1
frame_00487.jpg,"Ahmednagar, Maharashtra, 414001, India",19.0935,74.75286,"crack, edge line",2
frame_00488.jpg,"Ahmednagar, Maharashtra, 414001, India",19.0935,74.75286,edge line,1
frame_00489.jpg,"Ahmednagar, Maharashtra, 414001, India",19.093306,74.753006,edge line,1
frame_00490.jpg,"Ahmednagar, Maharashtra, 414001, India",19.093306,74.753006,edge line,1
frame_00491.jpg,"Ahmednagar, Maharashtra, 414001, India",19.093306,74.753006,crack,1
frame_00494.jpg,"Ahmednagar, Maharashtra, 414001, India",19.093306,74.753006,"crack, edge line",2
frame_00495.jpg,"Ahmednagar, Maharashtra, 414001, India",19.093306,74.753006,"edge line, lane divider",2
frame_00496.jpg,"Ahmednagar, Maharashtra, 414001, India",19.093306,74.753006,"edge line, lane divider",2
frame_00499.jpg,"Ahmednagar, Maharashtra, 414001, India",19.093306,74.753006,lane divider,1
frame_00500.jpg,"Ahmednagar, Maharashtra, 414001, India",19.093306,74.753006,edge line,1
frame_00501.jpg,"Ahmednagar, Maharashtra, 414001, India",19.093306,74.753006,"crack, edge line, lane divider",3
frame_00502.jpg,"Ahmednagar, Maharashtra, 414001, India",19.092642,74.75382,edge line,1
frame_00503.jpg,"Ahmednagar, Maharashtra, 414001, India",19.092642,74.75382,edge line,1
frame_00504.jpg,"Ahmednagar, Maharashtra, 414001, India",19.092642,74.75382,edge line,1
frame_00505.jpg,"Ahmednagar, Maharashtra, 414001, India",19.092642,74.75382,"crack, edge line",3
frame_00506.jpg,"Ahmednagar, Maharashtra, 414001, India",19.092642,74.75382,"crack, edge line",2
frame_00507.jpg,"Ahmednagar, Maharashtra, 414001, India",19.092642,74.75382,"crack, edge line",2
frame_00508.jpg,"Ahmednagar, Maharashtra, 414001, India",19.092642,74.75382,"crack, edge line",3
frame_00509.jpg,"Ahmednagar, Maharashtra, 414001, India",19.092642,74.75382,"crack, edge line",3
frame_00510.jpg,"Ahmednagar, Maharashtra, 414001, India",19.092642,74.75382,"crack, edge line",3
frame_00511.jpg,"Ahmednagar, Maharashtra, 414001, India",19.092642,74.75382,edge line,2
frame_00512.jpg,"Ahmednagar, Maharashtra, 414001, India",19.092642,74.75382,edge line,2
frame_00513.jpg,"Ahmednagar, Maharashtra, 414001, India",19.092642,74.75382,edge line,1
frame_00514.jpg,"Ahmednagar, Maharashtra, 414001, India",19.092598,74.75392,edge line,1
frame_00515.jpg,"Ahmednagar, Maharashtra, 414001, India",19.092598,74.75392,edge line,1
frame_00516.jpg,"Ahmednagar, Maharashtra, 414001, India",19.092598,74.75392,edge line,1
frame_00518.jpg,"Ahmednagar, Maharashtra, 414001, India",19.092598,74.75392,"crack, edge line",2
frame_00519.jpg,"Ahmednagar, Maharashtra, 414001, India",19.092598,74.75392,"crack, edge line",2
frame_00520.jpg,"Ahmednagar, Maharashtra, 414001, India",19.092598,74.75392,"crack, edge line",2
frame_00522.jpg,"Ahmednagar, Maharashtra, 414001, India",19.092598,74.75392,crack,1
frame_00523.jpg,"Ahmednagar, Maharashtra, 414001, India",19.092598,74.75392,"crack, edge line",2
frame_00524.jpg,"Ahmednagar, Maharashtra, 414001, India",19.092598,74.75392,"crack, edge line",2
frame_00525.jpg,"Ahmednagar, Maharashtra, 414001, India",19.092598,74.75392,crack,1
frame_00526.jpg,"Ahmednagar, Maharashtra, 414001, India",19.092598,74.75392,crack,1
frame_00527.jpg,"Ahmednagar, Maharashtra, 414001, India",19.092598,74.75392,crack,1
frame_00528.jpg,"Ahmednagar, Maharashtra, 414001, India",19.092598,74.75392,crack,1
frame_00529.jpg,"Ahmednagar, Maharashtra, 414001, India",19.092548,74.754005,"crack, edge line",2
frame_00530.jpg,"Ahmednagar, Maharashtra, 414001, India",19.092548,74.754005,edge line,1
frame_00531.jpg,"Ahmednagar, Maharashtra, 414001, India",19.092548,74.754005,edge line,1
frame_00532.jpg,"Ahmednagar, Maharashtra, 414001, India",19.092548,74.754005,"crack, edge line",2
frame_00533.jpg,"Ahmednagar, Maharashtra, 414001, India",19.092548,74.754005,crack,1
frame_00534.jpg,"Ahmednagar, Maharashtra, 414001, India",19.092548,74.754005,"crack, edge line",2
frame_00535.jpg,"Ahmednagar, Maharashtra, 414001, India",19.092548,74.754005,"crack, edge line",2
frame_00536.jpg,"Ahmednagar, Maharashtra, 414001, India",19.092548,74.754005,"edge line, lane divider",2
frame_00537.jpg,"Ahmednagar, Maharashtra, 414001, India",19.092548,74.754005,edge line,1
frame_00538.jpg,"Ahmednagar, Maharashtra, 414001, India",19.092548,74.754005,"crack, edge line",2
frame_00539.jpg,"Ahmednagar, Maharashtra, 414001, India",19.092548,74.754005,"edge line, lane divider",2
frame_00540.jpg,"Ahmednagar, Maharashtra, 414001, India",19.092548,74.754005,"crack, edge line",2
frame_00541.jpg,"Ahmednagar, Maharashtra, 414001, India",19.092548,74.754005,crack,1
frame_00542.jpg,"Ahmednagar, Maharashtra, 414001, India",19.092548,74.754005,"crack, edge line",2
frame_00543.jpg,"Ahmednagar, Maharashtra, 414001, India",19.092548,74.754005,edge line,1
frame_00550.jpg,"Ahmednagar, Maharashtra, 414001, India",19.092499,74.754074,lane divider,1
frame_00551.jpg,"Ahmednagar, Maharashtra, 414001, India",19.092499,74.754074,lane divider,1
frame_00552.jpg,"Ahmednagar, Maharashtra, 414001, India",19.092499,74.754074,lane divider,1
frame_00553.jpg,"Ahmednagar, Maharashtra, 414001, India",19.092499,74.754074,lane divider,1
frame_00554.jpg,"Ahmednagar, Maharashtra, 414001, India",19.092499,74.754074,lane divider,1
frame_00555.jpg,"Ahmednagar, Maharashtra, 414001, India",19.092499,74.754074,lane divider,1
frame_00558.jpg,"Ahmednagar, Maharashtra, 414001, India",19.092499,74.754074,edge line,1
frame_00562.jpg,"Ahmednagar, Maharashtra, 414001, India",19.09245,74.75414,edge line,1
frame_00563.jpg,"Ahmednagar, Maharashtra, 414001, India",19.09245,74.75414,edge line,1
frame_00564.jpg,"Ahmednagar, Maharashtra, 414001, India",19.09245,74.75414,edge line,1
frame_00565.jpg,"Ahmednagar, Maharashtra, 414001, India",19.09245,74.75414,edge line,1
frame_00566.jpg,"Ahmednagar, Maharashtra, 414001, India",19.09245,74.75414,edge line,1
frame_00567.jpg,"Ahmednagar, Maharashtra, 414001, India",19.09245,74.75414,edge line,1
frame_00570.jpg,"Ahmednagar, Maharashtra, 414001, India",19.09245,74.75414,"edge line, lane divider",2
frame_00572.jpg,"Ahmednagar, Maharashtra, 414001, India",19.09245,74.75414,lane divider,1
frame_00584.jpg,"Ahmednagar, Maharashtra, 414001, India",19.092403,74.75421,"edge line, lane divider",2
frame_00585.jpg,"Ahmednagar, Maharashtra, 414001, India",19.092403,74.75421,lane divider,1
frame_00598.jpg,"Ahmednagar, Maharashtra, 414001, India",19.092356,74.75429,edge line,1
frame_00601.jpg,"Ahmednagar, Maharashtra, 414001, India",19.092356,74.75429,lane divider,1
frame_00602.jpg,"Ahmednagar, Maharashtra, 414001, India",19.092356,74.75429,lane divider,1
frame_00603.jpg,"Ahmednagar, Maharashtra, 414001, India",19.092356,74.75429,lane divider,1
frame_00615.jpg,"Ahmednagar, Maharashtra, 414001, India",19.092316,74.75437,lane divider,1
frame_00616.jpg,"Ahmednagar, Maharashtra, 414001, India",19.092316,74.75437,lane divider,1
frame_00643.jpg,"Ahmednagar, Maharashtra, 414001, India",19.092253,74.754555,crack,1
frame_00644.jpg,"Ahmednagar, Maharashtra, 414001, India",19.092253,74.754555,edge line,1
frame_00645.jpg,"Ahmednagar, Maharashtra, 414001, India",19.092253,74.754555,crack,1
frame_00682.jpg,"Lakdi Pool Road, Ahmednagar, Maharashtra, 414001, India",19.091568,74.76092,crack,1
frame_00690.jpg,"Lakdi Pool Road, Ahmednagar, Maharashtra, 414001, India",19.09161,74.760994,edge line,1
frame_00691.jpg,"Lakdi Pool Road, Ahmednagar, Maharashtra, 414001, India",19.09161,74.760994,edge line,1
frame_00693.jpg,"Lakdi Pool Road, Ahmednagar, Maharashtra, 414001, India",19.09161,74.760994,edge line,1
frame_00698.jpg,"Lakdi Pool Road, Ahmednagar, Maharashtra, 414001, India",19.09161,74.760994,edge line,1
frame_00699.jpg,"Lakdi Pool Road, Ahmednagar, Maharashtra, 414001, India",19.09161,74.760994,edge line,2
frame_00706.jpg,"Lakdi Pool Road, Ahmednagar, Maharashtra, 414001, India",19.091654,74.76106,edge line,1
frame_00707.jpg,"Lakdi Pool Road, Ahmednagar, Maharashtra, 414001, India",19.091654,74.76106,edge line,1
frame_00710.jpg,"Lakdi Pool Road, Ahmednagar, Maharashtra, 414001, India",19.091654,74.76106,edge line,1
frame_00711.jpg,"Lakdi Pool Road, Ahmednagar, Maharashtra, 414001, India",19.091654,74.76106,edge line,1
frame_00712.jpg,"Lakdi Pool Road, Ahmednagar, Maharashtra, 414001, India",19.091654,74.76106,edge line,1
frame_00713.jpg,"Lakdi Pool Road, Ahmednagar, Maharashtra, 414001, India",19.091654,74.76106,edge line,1
frame_00714.jpg,"Lakdi Pool Road, Ahmednagar, Maharashtra, 414001, India",19.091654,74.76106,edge line,1
frame_00715.jpg,"Lakdi Pool Road, Ahmednagar, Maharashtra, 414001, India",19.091654,74.76106,edge line,1
frame_00716.jpg,"Lakdi Pool Road, Ahmednagar, Maharashtra, 414001, India",19.091654,74.76106,crack,1
frame_00719.jpg,"Lakdi Pool Road, Ahmednagar, Maharashtra, 414001, India",19.091694,74.76114,crack,1
frame_00720.jpg,"Lakdi Pool Road, Ahmednagar, Maharashtra, 414001, India",19.091694,74.76114,"crack, edge line",3
frame_00721.jpg,"Lakdi Pool Road, Ahmednagar, Maharashtra, 414001, India",19.091694,74.76114,"crack, edge line",3
frame_00725.jpg,"Lakdi Pool Road, Ahmednagar, Maharashtra, 414001, India",19.091694,74.76114,edge line,1
frame_00728.jpg,"Lakdi Pool Road, Ahmednagar, Maharashtra, 414001, India",19.091694,74.76114,crack,1
frame_00729.jpg,"Lakdi Pool Road, Ahmednagar, Maharashtra, 414001, India",19.091694,74.76114,"crack, edge line",2
frame_00730.jpg,"Lakdi Pool Road, Ahmednagar, Maharashtra, 414001, India",19.091694,74.76114,"crack, edge line",2
frame_00734.jpg,"Lakdi Pool Road, Ahmednagar, Maharashtra, 414001, India",19.091738,74.76122,crack,1
frame_00738.jpg,"Lakdi Pool Road, Ahmednagar, Maharashtra, 414001, India",19.091738,74.76122,lane divider,1
frame_00739.jpg,"Lakdi Pool Road, Ahmednagar, Maharashtra, 414001, India",19.091738,74.76122,crack,2
frame_00740.jpg,"Lakdi Pool Road, Ahmednagar, Maharashtra, 414001, India",19.091738,74.76122,edge line,1
frame_00741.jpg,"Lakdi Pool Road, Ahmednagar, Maharashtra, 414001, India",19.091738,74.76122,edge line,1
frame_00742.jpg,"Lakdi Pool Road, Ahmednagar, Maharashtra, 414001, India",19.091738,74.76122,edge line,1
frame_00745.jpg,"Lakdi Pool Road, Ahmednagar, Maharashtra, 414001, India",19.091738,74.76122,lane divider,1
frame_00746.jpg,"Lakdi Pool Road, Ahmednagar, Maharashtra, 414001, India",19.091738,74.76122,lane divider,1
frame_00747.jpg,"Lakdi Pool Road, Ahmednagar, Maharashtra, 414001, India",19.091738,74.76122,lane divider,1
frame_00749.jpg,"Lakdi Pool Road, Ahmednagar, Maharashtra, 414001, India",19.09177,74.7613,lane divider,1
frame_00753.jpg,"Lakdi Pool Road, Ahmednagar, Maharashtra, 414001, India",19.09177,74.7613,edge line,1
frame_00754.jpg,"Lakdi Pool Road, Ahmednagar, Maharashtra, 414001, India",19.09177,74.7613,edge line,1
frame_00756.jpg,"Lakdi Pool Road, Ahmednagar, Maharashtra, 414001, India",19.09177,74.7613,"crack, edge line",2
frame_00757.jpg,"Lakdi Pool Road, Ahmednagar, Maharashtra, 414001, India",19.09177,74.7613,edge line,1
frame_00759.jpg,"Lakdi Pool Road, Ahmednagar, Maharashtra, 414001, India",19.09177,74.7613,edge line,1
frame_00761.jpg,"Lakdi Pool Road, Ahmednagar, Maharashtra, 414001, India",19.09177,74.7613,edge line,1
frame_00766.jpg,"Lakdi Pool Road, Ahmednagar, Maharashtra, 414001, India",19.0918,74.76138,edge line,1
frame_00778.jpg,"Lakdi Pool Road, Ahmednagar, Maharashtra, 414001, India",19.091824,74.76147,edge line,1
frame_00779.jpg,"Lakdi Pool Road, Ahmednagar, Maharashtra, 414001, India",19.091839,74.76152,edge line,1
frame_00780.jpg,"Lakdi Pool Road, Ahmednagar, Maharashtra, 414001, India",19.091839,74.76152,edge line,2
frame_00781.jpg,"Lakdi Pool Road, Ahmednagar, Maharashtra, 414001, India",19.091839,74.76152,edge line,1
frame_00782.jpg,"Lakdi Pool Road, Ahmednagar, Maharashtra, 414001, India",19.091839,74.76152,edge line,1
frame_00783.jpg,"Lakdi Pool Road, Ahmednagar, Maharashtra, 414001, India",19.091839,74.76152,edge line,1
frame_00784.jpg,"Lakdi Pool Road, Ahmednagar, Maharashtra, 414001, India",19.091839,74.76152,edge line,1
frame_00785.jpg,"Lakdi Pool Road, Ahmednagar, Maharashtra, 414001, India",19.091839,74.76152,edge line,1
frame_00786.jpg,"Lakdi Pool Road, Ahmednagar, Maharashtra, 414001, India",19.091839,74.76152,edge line,1
frame_00787.jpg,"Lakdi Pool Road, Ahmednagar, Maharashtra, 414001, India",19.091839,74.76152,edge line,1
frame_00788.jpg,"Lakdi Pool Road, Ahmednagar, Maharashtra, 414001, India",19.091839,74.76152,edge line,1
frame_00789.jpg,"Lakdi Pool Road, Ahmednagar, Maharashtra, 414001, India",19.091839,74.76152,edge line,2
frame_00790.jpg,"Lakdi Pool Road, Ahmednagar, Maharashtra, 414001, India",19.091839,74.76152,edge line,1
frame_00791.jpg,"Lakdi Pool Road, Ahmednagar, Maharashtra, 414001, India",19.091839,74.76152,edge line,1
frame_00792.jpg,"Lakdi Pool Road, Ahmednagar, Maharashtra, 414001, India",19.091839,74.76152,"edge line, lane divider",3
frame_00795.jpg,"Lakdi Pool Road, Ahmednagar, Maharashtra, 414001, India",19.091837,74.7616,edge line,2
frame_00799.jpg,"Lakdi Pool Road, Ahmednagar, Maharashtra, 414001, India",19.091837,74.7616,edge line,2
frame_00801.jpg,"Lakdi Pool Road, Ahmednagar, Maharashtra, 414001, India",19.091837,74.7616,edge line,1
frame_00803.jpg,"Lakdi Pool Road, Ahmednagar, Maharashtra, 414001, India",19.091837,74.7616,edge line,1
frame_00812.jpg,"Lakdi Pool Road, Ahmednagar, Maharashtra, 414001, India",19.091833,74.76165,edge line,1
frame_00813.jpg,"Lakdi Pool Road, Ahmednagar, Maharashtra, 414001, India",19.091833,74.76165,edge line,1
frame_00814.jpg,"Lakdi Pool Road, Ahmednagar, Maharashtra, 414001, India",19.091833,74.76165,edge line,1
frame_00816.jpg,"Lakdi Pool Road, Ahmednagar, Maharashtra, 414001, India",19.091833,74.76165,edge line,2
frame_00819.jpg,"Lakdi Pool Road, Ahmednagar, Maharashtra, 414001, India",19.091833,74.76165,edge line,1
frame_00820.jpg,"Lakdi Pool Road, Ahmednagar, Maharashtra, 414001, India",19.091833,74.76165,edge line,2
frame_00821.jpg,"Lakdi Pool Road, Ahmednagar, Maharashtra, 414001, India",19.091833,74.76165,edge line,1
frame_00822.jpg,"Lakdi Pool Road, Ahmednagar, Maharashtra, 414001, India",19.091833,74.76165,edge line,1
frame_00823.jpg,"Lakdi Pool Road, Ahmednagar, Maharashtra, 414001, India",19.091833,74.76165,edge line,1
frame_00824.jpg,"Lakdi Pool Road, Ahmednagar, Maharashtra, 414001, India",19.091833,74.76165,edge line,1
frame_00825.jpg,"Lakdi Pool Road, Ahmednagar, Maharashtra, 414001, India",19.091833,74.76165,edge line,1
frame_00826.jpg,"Lakdi Pool Road, Ahmednagar, Maharashtra, 414001, India",19.091822,74.76174,edge line,2
frame_00828.jpg,"Lakdi Pool Road, Ahmednagar, Maharashtra, 414001, India",19.091822,74.76174,edge line,1
frame_00829.jpg,"Lakdi Pool Road, Ahmednagar, Maharashtra, 414001, India",19.091822,74.76174,edge line,1
frame_00830.jpg,"Lakdi Pool Road, Ahmednagar, Maharashtra, 414001, India",19.091822,74.76174,edge line,1
frame_00831.jpg,"Lakdi Pool Road, Ahmednagar, Maharashtra, 414001, India",19.091822,74.76174,edge line,1
frame_00832.jpg,"Lakdi Pool Road, Ahmednagar, Maharashtra, 414001, India",19.091822,74.76174,"edge line, lane divider",2
frame_00833.jpg,"Lakdi Pool Road, Ahmednagar, Maharashtra, 414001, India",19.091822,74.76174,lane divider,1
frame_00834.jpg,"Lakdi Pool Road, Ahmednagar, Maharashtra, 414001, India",19.091822,74.76174,"edge line, lane divider",2
frame_00835.jpg,"Lakdi Pool Road, Ahmednagar, Maharashtra, 414001, India",19.091822,74.76174,"edge line, lane divider",2
frame_00836.jpg,"Lakdi Pool Road, Ahmednagar, Maharashtra, 414001, India",19.091822,74.76174,edge line,1
frame_00837.jpg,"Lakdi Pool Road, Ahmednagar, Maharashtra, 414001, India",19.091822,74.76174,edge line,1
frame_00840.jpg,"Lakdi Pool Road, Ahmednagar, Maharashtra, 414001, India",19.091822,74.76174,edge line,1
frame_00842.jpg,"Lakdi Pool Road, Ahmednagar, Maharashtra, 414001, India",19.091799,74.76181,edge line,1
frame_00843.jpg,"Lakdi Pool Road, Ahmednagar, Maharashtra, 414001, India",19.091799,74.76181,edge line,1
frame_00844.jpg,"Lakdi Pool Road, Ahmednagar, Maharashtra, 414001, India",19.091799,74.76181,edge line,1
frame_00845.jpg,"Lakdi Pool Road, Ahmednagar, Maharashtra, 414001, India",19.091799,74.76181,edge line,1
frame_00847.jpg,"Lakdi Pool Road, Ahmednagar, Maharashtra, 414001, India",19.091799,74.76181,edge line,1
frame_00848.jpg,"Lakdi Pool Road, Ahmednagar, Maharashtra, 414001, India",19.091799,74.76181,edge line,1
frame_00849.jpg,"Lakdi Pool Road, Ahmednagar, Maharashtra, 414001, India",19.091799,74.76181,"crack, edge line",2
frame_00850.jpg,"Lakdi Pool Road, Ahmednagar, Maharashtra, 414001, India",19.091799,74.76181,"crack, edge line",2
frame_00851.jpg,"Lakdi Pool Road, Ahmednagar, Maharashtra, 414001, India",19.091799,74.76181,edge line,1
frame_00852.jpg,"Lakdi Pool Road, Ahmednagar, Maharashtra, 414001, India",19.091799,74.76181,edge line,1
frame_00853.jpg,"Lakdi Pool Road, Ahmednagar, Maharashtra, 414001, India",19.091799,74.76181,edge line,1
frame_00854.jpg,"Lakdi Pool Road, Ahmednagar, Maharashtra, 414001, India",19.091799,74.76181,edge line,1
frame_00855.jpg,"Lakdi Pool Road, Ahmednagar, Maharashtra, 414001, India",19.091799,74.76181,edge line,1
frame_00856.jpg,"Lakdi Pool Road, Ahmednagar, Maharashtra, 414001, India",19.091799,74.76181,edge line,1
frame_00857.jpg,"Lakdi Pool Road, Ahmednagar, Maharashtra, 414001, India",19.091799,74.76181,edge line,1
frame_00858.jpg,"Lakdi Pool Road, Ahmednagar, Maharashtra, 414001, India",19.091778,74.76188,edge line,1
frame_00861.jpg,"Lakdi Pool Road, Ahmednagar, Maharashtra, 414001, India",19.091778,74.76188,edge line,1
frame_00862.jpg,"Lakdi Pool Road, Ahmednagar, Maharashtra, 414001, India",19.091778,74.76188,edge line,1
frame_00863.jpg,"Lakdi Pool Road, Ahmednagar, Maharashtra, 414001, India",19.091778,74.76188,edge line,1
frame_00864.jpg,"Lakdi Pool Road, Ahmednagar, Maharashtra, 414001, India",19.091778,74.76188,edge line,1
frame_00865.jpg,"Lakdi Pool Road, Ahmednagar, Maharashtra, 414001, India",19.091778,74.76188,edge line,1
frame_00871.jpg,"Lakdi Pool Road, Ahmednagar, Maharashtra, 414001, India",19.091778,74.76188,edge line,1
frame_00874.jpg,"Lakdi Pool Road, Ahmednagar, Maharashtra, 414001, India",19.091755,74.76195,edge line,1
frame_00875.jpg,"Lakdi Pool Road, Ahmednagar, Maharashtra, 414001, India",19.091755,74.76195,edge line,1
frame_00876.jpg,"Lakdi Pool Road, Ahmednagar, Maharashtra, 414001, India",19.091755,74.76195,edge line,1
frame_00877.jpg,"Lakdi Pool Road, Ahmednagar, Maharashtra, 414001, India",19.091755,74.76195,edge line,1
frame_00878.jpg,"Lakdi Pool Road, Ahmednagar, Maharashtra, 414001, India",19.091755,74.76195,edge line,1
frame_00879.jpg,"Lakdi Pool Road, Ahmednagar, Maharashtra, 414001, India",19.091755,74.76195,edge line,1
frame_00880.jpg,"Lakdi Pool Road, Ahmednagar, Maharashtra, 414001, India",19.091755,74.76195,edge line,1
frame_00883.jpg,"Lakdi Pool Road, Ahmednagar, Maharashtra, 414001, India",19.091755,74.76195,edge line,1
frame_00884.jpg,"Lakdi Pool Road, Ahmednagar, Maharashtra, 414001, India",19.091755,74.76195,edge line,1
frame_00886.jpg,"Lakdi Pool Road, Ahmednagar, Maharashtra, 414001, India",19.091755,74.76195,edge line,1
frame_00887.jpg,"Lakdi Pool Road, Ahmednagar, Maharashtra, 414001, India",19.091755,74.76195,edge line,1
frame_00906.jpg,"Lakdi Pool Road, Ahmednagar, Maharashtra, 414001, India",19.091715,74.76209,lane divider,1
frame_00908.jpg,"Lakdi Pool Road, Ahmednagar, Maharashtra, 414001, India",19.091715,74.76209,lane divider,1
frame_00912.jpg,"Lakdi Pool Road, Ahmednagar, Maharashtra, 414001, India",19.091715,74.76209,lane divider,1
frame_00925.jpg,"Lakdi Pool Road, Ahmednagar, Maharashtra, 414001, India",19.091703,74.76215,lane divider,1
frame_00944.jpg,"Lakdi Pool Road, Ahmednagar, Maharashtra, 414001, India",19.091686,74.76222,lane divider,1
frame_00945.jpg,"Lakdi Pool Road, Ahmednagar, Maharashtra, 414001, India",19.091686,74.76222,edge line,2
frame_00946.jpg,"Lakdi Pool Road, Ahmednagar, Maharashtra, 414001, India",19.091686,74.76222,"edge line, lane divider",2
frame_00947.jpg,"Lakdi Pool Road, Ahmednagar, Maharashtra, 414001, India",19.091686,74.76222,lane divider,1
frame_00961.jpg,"Lakdi Pool Road, Ahmednagar, Maharashtra, 414001, India",19.091673,74.7623,edge line,1
frame_00962.jpg,"Lakdi Pool Road, Ahmednagar, Maharashtra, 414001, India",19.091673,74.7623,edge line,1
frame_00963.jpg,"Lakdi Pool Road, Ahmednagar, Maharashtra, 414001, India",19.091673,74.7623,edge line,1
frame_00965.jpg,"Lakdi Pool Road, Ahmednagar, Maharashtra, 414001, India",19.091673,74.7623,edge line,1
frame_00968.jpg,"Lakdi Pool Road, Ahmednagar, Maharashtra, 414001, India",19.091673,74.7623,edge line,1
frame_00969.jpg,"Lakdi Pool Road, Ahmednagar, Maharashtra, 414001, India",19.091656,74.762375,edge line,1
frame_00970.jpg,"Lakdi Pool Road, Ahmednagar, Maharashtra, 414001, India",19.091656,74.762375,edge line,1
frame_00981.jpg,"Lakdi Pool Road, Ahmednagar, Maharashtra, 414001, India",19.091656,74.762375,edge line,1
frame_00982.jpg,"Lakdi Pool Road, Ahmednagar, Maharashtra, 414001, India",19.091656,74.762375,edge line,1
frame_00983.jpg,"Lakdi Pool Road, Ahmednagar, Maharashtra, 414001, India",19.091656,74.762375,edge line,1
frame_00985.jpg,"Lakdi Pool Road, Ahmednagar, Maharashtra, 414001, India",19.09163,74.76243,edge line,1
frame_00986.jpg,"Lakdi Pool Road, Ahmednagar, Maharashtra, 414001, India",19.09163,74.76243,"crack, edge line",3
frame_00988.jpg,"Lakdi Pool Road, Ahmednagar, Maharashtra, 414001, India",19.09163,74.76243,edge line,1
frame_00989.jpg,"Lakdi Pool Road, Ahmednagar, Maharashtra, 414001, India",19.09163,74.76243,edge line,1
frame_00991.jpg,"Lakdi Pool Road, Ahmednagar, Maharashtra, 414001, India",19.09163,74.76243,edge line,1
frame_01018.jpg,"Lakdi Pool Road, Ahmednagar, Maharashtra, 414001, India",19.091604,74.76256,edge line,1
frame_01019.jpg,"Lakdi Pool Road, Ahmednagar, Maharashtra, 414001, India",19.091604,74.76256,edge line,1
frame_01024.jpg,"Lakdi Pool Road, Ahmednagar, Maharashtra, 414001, India",19.091604,74.76256,edge line,1
frame_01025.jpg,"Lakdi Pool Road, Ahmednagar, Maharashtra, 414001, India",19.091604,74.76256,"crack, edge line",2
frame_01026.jpg,"Lakdi Pool Road, Ahmednagar, Maharashtra, 414001, India",19.091604,74.76256,edge line,2
frame_01027.jpg,"Lakdi Pool Road, Ahmednagar, Maharashtra, 414001, India",19.091604,74.76256,edge line,1
frame_01029.jpg,"Lakdi Pool Road, Ahmednagar, Maharashtra, 414001, India",19.091604,74.76256,edge line,2
frame_01030.jpg,"Lakdi Pool Road, Ahmednagar, Maharashtra, 414001, India",19.091604,74.76256,edge line,1
frame_01031.jpg,"Lakdi Pool Road, Ahmednagar, Maharashtra, 414001, India",19.091604,74.76256,edge line,1
frame_01032.jpg,"Lakdi Pool Road, Ahmednagar, Maharashtra, 414001, India",19.091587,74.76263,edge line,1
frame_01033.jpg,"Lakdi Pool Road, Ahmednagar, Maharashtra, 414001, India",19.091587,74.76263,edge line,1
frame_01034.jpg,"Lakdi Pool Road, Ahmednagar, Maharashtra, 414001, India",19.091587,74.76263,edge line,1
frame_01035.jpg,"Lakdi Pool Road, Ahmednagar, Maharashtra, 414001, India",19.091587,74.76263,edge line,1
frame_01036.jpg,"Lakdi Pool Road, Ahmednagar, Maharashtra, 414001, India",19.091587,74.76263,edge line,1
frame_01042.jpg,"Lakdi Pool Road, Ahmednagar, Maharashtra, 414001, India",19.091587,74.76263,edge line,1
frame_01076.jpg,"Lakdi Pool Road, Ahmednagar, Maharashtra, 414001, India",19.091524,74.7628,lane divider,1
frame_01079.jpg,"Lakdi Pool Road, Ahmednagar, Maharashtra, 414001, India",19.091524,74.7628,edge line,1
frame_01080.jpg,"Lakdi Pool Road, Ahmednagar, Maharashtra, 414001, India",19.091524,74.7628,edge line,1
frame_01081.jpg,"Lakdi Pool Road, Ahmednagar, Maharashtra, 414001, India",19.091524,74.7628,edge line,1
frame_01082.jpg,"Lakdi Pool Road, Ahmednagar, Maharashtra, 414001, India",19.091524,74.7628,"crack, edge line",2
frame_01083.jpg,"Lakdi Pool Road, Ahmednagar, Maharashtra, 414001, India",19.091524,74.7628,edge line,1
frame_01097.jpg,"Lakdi Pool Road, Ahmednagar, Maharashtra, 414001, India",19.091509,74.76288,edge line,1
frame_01098.jpg,"Lakdi Pool Road, Ahmednagar, Maharashtra, 414001, India",19.091509,74.76288,"crack, edge line",2
frame_01099.jpg,"Lakdi Pool Road, Ahmednagar, Maharashtra, 414001, India",19.091509,74.76288,edge line,1
frame_01100.jpg,"Lakdi Pool Road, Ahmednagar, Maharashtra, 414001, India",19.091509,74.76288,"crack, edge line",2
frame_01101.jpg,"Lakdi Pool Road, Ahmednagar, Maharashtra, 414001, India",19.091509,74.76288,"crack, edge line",2
frame_01102.jpg,"Lakdi Pool Road, Ahmednagar, Maharashtra, 414001, India",19.091509,74.76288,edge line,1
frame_01103.jpg,"Lakdi Pool Road, Ahmednagar, Maharashtra, 414001, India",19.091509,74.76288,edge line,1
frame_01104.jpg,"Lakdi Pool Road, Ahmednagar, Maharashtra, 414001, India",19.091501,74.76295,"edge line, lane divider",2
frame_01105.jpg,"Lakdi Pool Road, Ahmednagar, Maharashtra, 414001, India",19.091501,74.76295,lane divider,1
frame_01106.jpg,"Lakdi Pool Road, Ahmednagar, Maharashtra, 414001, India",19.091501,74.76295,lane divider,1
frame_01107.jpg,"Lakdi Pool Road, Ahmednagar, Maharashtra, 414001, India",19.091501,74.76295,lane divider,1
frame_01109.jpg,"Lakdi Pool Road, Ahmednagar, Maharashtra, 414001, India",19.091501,74.76295,edge line,1
frame_01112.jpg,"Lakdi Pool Road, Ahmednagar, Maharashtra, 414001, India",19.091501,74.76295,edge line,1
frame_01124.jpg,"Lakdi Pool Road, Ahmednagar, Maharashtra, 414001, India",19.091488,74.76301,crack,1
frame_01125.jpg,"Lakdi Pool Road, Ahmednagar, Maharashtra, 414001, India",19.091488,74.76301,edge line,1
frame_01126.jpg,"Lakdi Pool Road, Ahmednagar, Maharashtra, 414001, India",19.091488,74.76301,edge line,1
frame_01141.jpg,"Narayangaon, Junnar, Pune, Maharashtra, 410504, India",19.091469,74,edge line,1
frame_01143.jpg,"Lakdi Pool Road, Ahmednagar, Maharashtra, 414001, India",19.091469,74.76306,edge line,1
frame_01144.jpg,"Lakdi Pool Road, Ahmednagar, Maharashtra, 414001, India",19.091469,74.76306,edge line,1
frame_01145.jpg,"Lakdi Pool Road, Ahmednagar, Maharashtra, 414001, India",19.091469,74.76306,edge line,1
frame_01146.jpg,"Lakdi Pool Road, Ahmednagar, Maharashtra, 414001, India",19.091469,74.76306,edge line,1
frame_01150.jpg,"Lakdi Pool Road, Ahmednagar, Maharashtra, 414001, India",19.091469,74.76306,edge line,1
frame_01151.jpg,"Lakdi Pool Road, Ahmednagar, Maharashtra, 414001, India",19.091469,74.76306,edge line,1
frame_01152.jpg,"Lakdi Pool Road, Ahmednagar, Maharashtra, 414001, India",19.09146,74.76313,edge line,1
frame_01153.jpg,"Lakdi Pool Road, Ahmednagar, Maharashtra, 414001, India",19.09146,74.76313,edge line,1
frame_01157.jpg,"Lakdi Pool Road, Ahmednagar, Maharashtra, 414001, India",19.09146,74.76313,lane divider,1
frame_01158.jpg,"Lakdi Pool Road, Ahmednagar, Maharashtra, 414001, India",19.09146,74.76313,lane divider,1
frame_01186.jpg,"Lakdi Pool Road, Ahmednagar, Maharashtra, 414001, India",19.091415,74.763275,lane divider,1
frame_01190.jpg,"Lakdi Pool Road, Ahmednagar, Maharashtra, 414001, India",19.091415,74.763275,lane divider,1
frame_01216.jpg,"Lakdi Pool Road, Ahmednagar, Maharashtra, 414001, India",19.09138,74.76341,lane divider,1
frame_01217.jpg,"Lakdi Pool Road, Ahmednagar, Maharashtra, 414001, India",19.09138,74.76341,lane divider,1
frame_01218.jpg,"Lakdi Pool Road, Ahmednagar, Maharashtra, 414001, India",19.09138,74.76341,lane divider,1
frame_01219.jpg,"Lakdi Pool Road, Ahmednagar, Maharashtra, 414001, India",19.09138,74.76341,lane divider,1
frame_01250.jpg,"Lakdi Pool Road, Ahmednagar, Maharashtra, 414001, India",19.09133,74.76368,edge line,1
frame_01252.jpg,"Lakdi Pool Road, Ahmednagar, Maharashtra, 414001, India",19.09133,74.76368,edge line,1
frame_01253.jpg,"Lakdi Pool Road, Ahmednagar, Maharashtra, 414001, India",19.09133,74.76368,edge line,1
frame_01254.jpg,"Lakdi Pool Road, Ahmednagar, Maharashtra, 414001, India",19.09133,74.76368,edge line,1
frame_01255.jpg,"Lakdi Pool Road, Ahmednagar, Maharashtra, 414001, India",19.09133,74.76368,edge line,1
frame_01256.jpg,"Lakdi Pool Road, Ahmednagar, Maharashtra, 414001, India",19.09133,74.76368,edge line,1
frame_01257.jpg,"Lakdi Pool Road, Ahmednagar, Maharashtra, 414001, India",19.09133,74.76368,edge line,1
frame_01259.jpg,"Lakdi Pool Road, Ahmednagar, Maharashtra, 414001, India",19.091291,74.763756,"crack, edge line",3
frame_01260.jpg,"Lakdi Pool Road, Ahmednagar, Maharashtra, 414001, India",19.091291,74.763756,edge line,1
frame_01266.jpg,"Lakdi Pool Road, Ahmednagar, Maharashtra, 414001, India",19.091291,74.763756,edge line,1
frame_01267.jpg,"Lakdi Pool Road, Ahmednagar, Maharashtra, 414001, India",19.091291,74.763756,edge line,1
frame_01268.jpg,"Lakdi Pool Road, Ahmednagar, Maharashtra, 414001, India",19.091291,74.763756,edge line,1
frame_01269.jpg,"Lakdi Pool Road, Ahmednagar, Maharashtra, 414001, India",19.091291,74.763756,edge line,1
frame_01272.jpg,"Lakdi Pool Road, Ahmednagar, Maharashtra, 414001, India",19.091291,74.763756,edge line,1
frame_01273.jpg,"Lakdi Pool Road, Ahmednagar, Maharashtra, 414001, India",19.091291,74.763756,edge line,1
frame_01274.jpg,"Lakdi Pool Road, Ahmednagar, Maharashtra, 414001, India",19.091278,74.76382,edge line,1
frame_01281.jpg,"Lakdi Pool Road, Ahmednagar, Maharashtra, 414001, India",19.091278,74.76382,edge line,1
frame_01282.jpg,"Lakdi Pool Road, Ahmednagar, Maharashtra, 414001, India",19.091278,74.76382,edge line,1
frame_01284.jpg,"Lakdi Pool Road, Ahmednagar, Maharashtra, 414001, India",19.091278,74.76382,edge line,1
frame_01285.jpg,"Lakdi Pool Road, Ahmednagar, Maharashtra, 414001, India",19.091278,74.76382,edge line,1
frame_01286.jpg,"Lakdi Pool Road, Ahmednagar, Maharashtra, 414001, India",19.091278,74.76382,edge line,1
frame_01288.jpg,"Lakdi Pool Road, Ahmednagar, Maharashtra, 414001, India",19.091278,74.76382,edge line,1
frame_01295.jpg,"Lakdi Pool Road, Ahmednagar, Maharashtra, 414001, India",19.091265,74.76388,"crack, edge line",2
frame_01296.jpg,"Lakdi Pool Road, Ahmednagar, Maharashtra, 414001, India",19.091265,74.76388,edge line,1
frame_01302.jpg,"Lakdi Pool Road, Ahmednagar, Maharashtra, 414001, India",19.091265,74.76388,crack,1
frame_01305.jpg,"Lakdi Pool Road, Ahmednagar, Maharashtra, 414001, India",19.091244,74.76394,edge line,1
frame_01306.jpg,"Lakdi Pool Road, Ahmednagar, Maharashtra, 414001, India",19.091244,74.76394,edge line,1
frame_01308.jpg,"Lakdi Pool Road, Ahmednagar, Maharashtra, 414001, India",19.091244,74.76394,crack,1
frame_01315.jpg,"Lakdi Pool Road, Ahmednagar, Maharashtra, 414001, India",19.091244,74.76394,edge line,1
frame_01316.jpg,"Lakdi Pool Road, Ahmednagar, Maharashtra, 414001, India",19.091244,74.76394,edge line,2
frame_01317.jpg,"Lakdi Pool Road, Ahmednagar, Maharashtra, 414001, India",19.091244,74.76394,edge line,1
frame_01318.jpg,"Lakdi Pool Road, Ahmednagar, Maharashtra, 414001, India",19.091244,74.76394,edge line,1
frame_01319.jpg,"Lakdi Pool Road, Ahmednagar, Maharashtra, 414001, India",19.091244,74.76394,"crack, edge line",2
frame_01320.jpg,"Lakdi Pool Road, Ahmednagar, Maharashtra, 414001, India",19.091244,74.76394,crack,1
frame_01327.jpg,"Lakdi Pool Road, Ahmednagar, Maharashtra, 414001, India",19.091227,74.76401,edge line,1
frame_01332.jpg,"Lakdi Pool Road, Ahmednagar, Maharashtra, 414001, India",19.091227,74.76401,edge line,1
frame_01333.jpg,"Lakdi Pool Road, Ahmednagar, Maharashtra, 414001, India",19.091227,74.76401,edge line,1
frame_01334.jpg,"Lakdi Pool Road, Ahmednagar, Maharashtra, 414001, India",19.091227,74.76401,edge line,1
frame_01344.jpg,"Lakdi Pool Road, Ahmednagar, Maharashtra, 414001, India",19.091206,74.76408,crack,1
frame_01353.jpg,"Lakdi Pool Road, Ahmednagar, Maharashtra, 414001, India",19.09118,74.76415,lane divider,1
frame_01354.jpg,"Lakdi Pool Road, Ahmednagar, Maharashtra, 414001, India",19.09118,74.76415,lane divider,1
frame_01355.jpg,"Lakdi Pool Road, Ahmednagar, Maharashtra, 414001, India",19.09118,74.76415,lane divider,1
frame_01356.jpg,"Lakdi Pool Road, Ahmednagar, Maharashtra, 414001, India",19.09118,74.76415,lane divider,1
frame_01358.jpg,"Lakdi Pool Road, Ahmednagar, Maharashtra, 414001, India",19.09118,74.76415,edge line,1
frame_01359.jpg,"Lakdi Pool Road, Ahmednagar, Maharashtra, 414001, India",19.09118,74.76415,"edge line, lane divider",3
frame_01360.jpg,"Lakdi Pool Road, Ahmednagar, Maharashtra, 414001, India",19.09118,74.76415,edge line,1
frame_01361.jpg,"Lakdi Pool Road, Ahmednagar, Maharashtra, 414001, India",19.09118,74.76415,edge line,1
frame_01362.jpg,"Lakdi Pool Road, Ahmednagar, Maharashtra, 414001, India",19.09118,74.76415,edge line,1
frame_01367.jpg,"Lakdi Pool Road, Ahmednagar, Maharashtra, 414001, India",19.09118,74.76415,edge line,1
frame_01376.jpg,"Lakdi Pool Road, Ahmednagar, Maharashtra, 414001, India",19.091072,74.76453,"crack, edge line",2
frame_01377.jpg,"Lakdi Pool Road, Ahmednagar, Maharashtra, 414001, India",19.091072,74.76453,"crack, edge line",2
frame_01378.jpg,"Lakdi Pool Road, Ahmednagar, Maharashtra, 414001, India",19.091072,74.76453,"crack, edge line",2
frame_01379.jpg,"Lakdi Pool Road, Ahmednagar, Maharashtra, 414001, India",19.091072,74.76453,"crack, edge line",2
frame_01380.jpg,"Lakdi Pool Road, Ahmednagar, Maharashtra, 414001, India",19.091072,74.76453,edge line,1
frame_01392.jpg,"Lakdi Pool Road, Ahmednagar, Maharashtra, 414001, India",19.091038,74.7646,edge line,1
frame_01394.jpg,"Lakdi Pool Road, Ahmednagar, Maharashtra, 414001, India",19.091038,74.7646,edge line,1
frame_01395.jpg,"Lakdi Pool Road, Ahmednagar, Maharashtra, 414001, India",19.091038,74.7646,"crack, edge line",3
frame_01400.jpg,"Lakdi Pool Road, Ahmednagar, Maharashtra, 414001, India",19.091022,74.76468,"edge line, lane divider",2
frame_01401.jpg,"Lakdi Pool Road, Ahmednagar, Maharashtra, 414001, India",19.091022,74.76468,edge line,1
frame_01402.jpg,"Lakdi Pool Road, Ahmednagar, Maharashtra, 414001, India",19.091022,74.76468,"edge line, lane divider",2
frame_01403.jpg,"Lakdi Pool Road, Ahmednagar, Maharashtra, 414001, India",19.091022,74.76468,"crack, edge line",2
frame_01404.jpg,"Lakdi Pool Road, Ahmednagar, Maharashtra, 414001, India",19.091022,74.76468,edge line,1
frame_01406.jpg,"Lakdi Pool Road, Ahmednagar, Maharashtra, 414001, India",19.091022,74.76468,"edge line, lane divider",2
frame_01407.jpg,"Lakdi Pool Road, Ahmednagar, Maharashtra, 414001, India",19.091022,74.76468,lane divider,1
frame_01409.jpg,"Lakdi Pool Road, Ahmednagar, Maharashtra, 414001, India",19.091022,74.76468,edge line,1
frame_01410.jpg,"Lakdi Pool Road, Ahmednagar, Maharashtra, 414001, India",19.091022,74.76468,crack,1
frame_01411.jpg,"Lakdi Pool Road, Ahmednagar, Maharashtra, 414001, India",19.091022,74.76468,edge line,2
frame_01412.jpg,"Lakdi Pool Road, Ahmednagar, Maharashtra, 414001, India",19.091022,74.76468,crack,1
frame_01417.jpg,"Lakdi Pool Road, Ahmednagar, Maharashtra, 414001, India",19.091007,74.76475,edge line,1
frame_01419.jpg,"Lakdi Pool Road, Ahmednagar, Maharashtra, 414001, India",19.091007,74.76475,edge line,1
frame_01420.jpg,"Lakdi Pool Road, Ahmednagar, Maharashtra, 414001, India",19.091007,74.76475,edge line,1
frame_01426.jpg,"Lakdi Pool Road, Ahmednagar, Maharashtra, 414001, India",19.091007,74.76475,edge line,1
frame_01427.jpg,"Lakdi Pool Road, Ahmednagar, Maharashtra, 414001, India",19.091007,74.76475,edge line,1
frame_01429.jpg,"Lakdi Pool Road, Ahmednagar, Maharashtra, 414001, India",19.091007,74.76475,edge line,1
frame_01433.jpg,"Lakdi Pool Road, Ahmednagar, Maharashtra, 414001, India",19.090982,74.764824,edge line,1
frame_01434.jpg,"Lakdi Pool Road, Ahmednagar, Maharashtra, 414001, India",19.090982,74.764824,crack,1
frame_01436.jpg,"Lakdi Pool Road, Ahmednagar, Maharashtra, 414001, India",19.090982,74.764824,edge line,1
frame_01448.jpg,"Lakdi Pool Road, Ahmednagar, Maharashtra, 414001, India",19.090963,74.7649,edge line,1
frame_01449.jpg,"Lakdi Pool Road, Ahmednagar, Maharashtra, 414001, India",19.090963,74.7649,edge line,1
frame_01451.jpg,"Lakdi Pool Road, Ahmednagar, Maharashtra, 414001, India",19.090963,74.7649,edge line,1
frame_01452.jpg,"Lakdi Pool Road, Ahmednagar, Maharashtra, 414001, India",19.090963,74.7649,edge line,1
frame_01453.jpg,"Lakdi Pool Road, Ahmednagar, Maharashtra, 414001, India",19.090963,74.7649,edge line,2
frame_01454.jpg,"Lakdi Pool Road, Ahmednagar, Maharashtra, 414001, India",19.090963,74.7649,edge line,1
frame_01458.jpg,"Lakdi Pool Road, Ahmednagar, Maharashtra, 414001, India",19.090963,74.7649,"edge line, lane divider",2
frame_01461.jpg,"Lakdi Pool Road, Ahmednagar, Maharashtra, 414001, India",19.090963,74.7649,"crack, edge line",2
frame_01462.jpg,"Lakdi Pool Road, Ahmednagar, Maharashtra, 414001, India",19.090963,74.7649,"crack, edge line",2
frame_01463.jpg,"Lakdi Pool Road, Ahmednagar, Maharashtra, 414001, India",19.09094,74.764984,edge line,1
frame_01464.jpg,"Lakdi Pool Road, Ahmednagar, Maharashtra, 414001, India",19.09094,74.764984,edge line,1
frame_01466.jpg,"Lakdi Pool Road, Ahmednagar, Maharashtra, 414001, India",19.09094,74.764984,edge line,1
frame_01467.jpg,"Lakdi Pool Road, Ahmednagar, Maharashtra, 414001, India",19.09094,74.764984,edge line,1
frame_01469.jpg,"Lakdi Pool Road, Ahmednagar, Maharashtra, 414001, India",19.09094,74.764984,edge line,1
frame_01470.jpg,"Lakdi Pool Road, Ahmednagar, Maharashtra, 414001, India",19.09094,74.764984,edge line,2
frame_01471.jpg,"Lakdi Pool Road, Ahmednagar, Maharashtra, 414001, India",19.09094,74.764984,edge line,2
frame_01472.jpg,"Lakdi Pool Road, Ahmednagar, Maharashtra, 414001, India",19.09094,74.764984,edge line,2
frame_01473.jpg,"Lakdi Pool Road, Ahmednagar, Maharashtra, 414001, India",19.09094,74.764984,edge line,1
frame_01474.jpg,"Lakdi Pool Road, Ahmednagar, Maharashtra, 414001, India",19.09094,74.764984,edge line,2
frame_01476.jpg,"Lakdi Pool Road, Ahmednagar, Maharashtra, 414001, India",19.09094,74.764984,lane divider,1
frame_01477.jpg,"Lakdi Pool Road, Ahmednagar, Maharashtra, 414001, India",19.09094,74.764984,"edge line, lane divider",2
frame_01478.jpg,"Lakdi Pool Road, Ahmednagar, Maharashtra, 414001, India",19.09094,74.764984,edge line,1
frame_01479.jpg,"Lakdi Pool Road, Ahmednagar, Maharashtra, 414001, India",19.090921,74.76506,"edge line, lane divider",2
frame_01480.jpg,"Lakdi Pool Road, Ahmednagar, Maharashtra, 414001, India",19.090921,74.76506,"edge line, lane divider",4
frame_01481.jpg,"Lakdi Pool Road, Ahmednagar, Maharashtra, 414001, India",19.090921,74.76506,edge line,1
frame_01482.jpg,"Lakdi Pool Road, Ahmednagar, Maharashtra, 414001, India",19.090921,74.76506,edge line,1
frame_01483.jpg,"Lakdi Pool Road, Ahmednagar, Maharashtra, 414001, India",19.090921,74.76506,edge line,1
frame_01484.jpg,"Lakdi Pool Road, Ahmednagar, Maharashtra, 414001, India",19.090921,74.76506,edge line,1
frame_01485.jpg,"Lakdi Pool Road, Ahmednagar, Maharashtra, 414001, India",19.090921,74.76506,"crack, edge line, lane divider",3
frame_01486.jpg,"Lakdi Pool Road, Ahmednagar, Maharashtra, 414001, India",19.090921,74.76506,"edge line, lane divider",3
frame_01487.jpg,"Lakdi Pool Road, Ahmednagar, Maharashtra, 414001, India",19.090921,74.76506,"edge line, lane divider",2
frame_01488.jpg,"Lakdi Pool Road, Ahmednagar, Maharashtra, 414001, India",19.090921,74.76506,"edge line, lane divider",2
frame_01489.jpg,"Lakdi Pool Road, Ahmednagar, Maharashtra, 414001, India",19.090921,74.76506,"edge line, lane divider",2
frame_01490.jpg,"Lakdi Pool Road, Ahmednagar, Maharashtra, 414001, India",19.090921,74.76506,"edge line, lane divider",3
frame_01491.jpg,"Lakdi Pool Road, Ahmednagar, Maharashtra, 414001, India",19.090921,74.76506,edge line,1
frame_01493.jpg,"Lakdi Pool Road, Ahmednagar, Maharashtra, 414001, India",19.090921,74.76506,edge line,2
frame_01494.jpg,"Lakdi Pool Road, Ahmednagar, Maharashtra, 414001, India",19.090895,74.76514,edge line,1
frame_01495.jpg,"Lakdi Pool Road, Ahmednagar, Maharashtra, 414001, India",19.090895,74.76514,"crack, edge line, lane divider",3
frame_01499.jpg,"Lakdi Pool Road, Ahmednagar, Maharashtra, 414001, India",19.090895,74.76514,lane divider,1
frame_01501.jpg,"Lakdi Pool Road, Ahmednagar, Maharashtra, 414001, India",19.090895,74.76514,"edge line, lane divider",2
frame_01502.jpg,"Lakdi Pool Road, Ahmednagar, Maharashtra, 414001, India",19.090895,74.76514,edge line,1
frame_01503.jpg,"Lakdi Pool Road, Ahmednagar, Maharashtra, 414001, India",19.090895,74.76514,edge line,1
frame_01504.jpg,"Lakdi Pool Road, Ahmednagar, Maharashtra, 414001, India",19.090895,74.76514,edge line,2
frame_01505.jpg,"Lakdi Pool Road, Ahmednagar, Maharashtra, 414001, India",19.090895,74.76514,lane divider,1
frame_01506.jpg,"Lakdi Pool Road, Ahmednagar, Maharashtra, 414001, India",19.090895,74.76514,lane divider,1
frame_01507.jpg,"Lakdi Pool Road, Ahmednagar, Maharashtra, 414001, India",19.090895,74.76514,"edge line, lane divider",2
frame_01508.jpg,"Lakdi Pool Road, Ahmednagar, Maharashtra, 414001, India",19.090895,74.76514,lane divider,1
frame_01509.jpg,"Lakdi Pool Road, Ahmednagar, Maharashtra, 414001, India",19.090895,74.76514,"edge line, lane divider",5
frame_01510.jpg,"Lakdi Pool Road, Ahmednagar, Maharashtra, 414001, India",19.090895,74.76514,"edge line, lane divider",2
frame_01511.jpg,"Lakdi Pool Road, Ahmednagar, Maharashtra, 414001, India",19.09087,74.76523,"edge line, lane divider",5
frame_01512.jpg,"Lakdi Pool Road, Ahmednagar, Maharashtra, 414001, India",19.09087,74.76523,edge line,2
frame_01513.jpg,"Lakdi Pool Road, Ahmednagar, Maharashtra, 414001, India",19.09087,74.76523,edge line,2
frame_01514.jpg,"Lakdi Pool Road, Ahmednagar, Maharashtra, 414001, India",19.09087,74.76523,"crack, edge line",3
frame_01515.jpg,"Lakdi Pool Road, Ahmednagar, Maharashtra, 414001, India",19.09087,74.76523,"edge line, lane divider",2
frame_01516.jpg,"Lakdi Pool Road, Ahmednagar, Maharashtra, 414001, India",19.09087,74.76523,"edge line, lane divider",2
frame_01517.jpg,"Lakdi Pool Road, Ahmednagar, Maharashtra, 414001, India",19.09087,74.76523,"edge line, lane divider",3
frame_01518.jpg,"Lakdi Pool Road, Ahmednagar, Maharashtra, 414001, India",19.09087,74.76523,"edge line, lane divider",2
frame_01519.jpg,"Lakdi Pool Road, Ahmednagar, Maharashtra, 414001, India",19.09087,74.76523,"edge line, lane divider",3
frame_01520.jpg,"Lakdi Pool Road, Ahmednagar, Maharashtra, 414001, India",19.09087,74.76523,"edge line, lane divider",5
frame_01521.jpg,"Lakdi Pool Road, Ahmednagar, Maharashtra, 414001, India",19.09087,74.76523,edge line,2
frame_01522.jpg,"Lakdi Pool Road, Ahmednagar, Maharashtra, 414001, India",19.09087,74.76523,edge line,2
frame_01523.jpg,"Lakdi Pool Road, Ahmednagar, Maharashtra, 414001, India",19.09087,74.76523,edge line,2
frame_01524.jpg,"Lakdi Pool Road, Ahmednagar, Maharashtra, 414001, India",19.09087,74.76523,edge line,2
frame_01525.jpg,"Lakdi Pool Road, Ahmednagar, Maharashtra, 414001, India",19.09087,74.76523,edge line,2
frame_01526.jpg,"Lakdi Pool Road, Ahmednagar, Maharashtra, 414001, India",19.09087,74.76523,edge line,2
frame_01527.jpg,"Lakdi Pool Road, Ahmednagar, Maharashtra, 414001, India",19.090849,74.76531,edge line,2
frame_01528.jpg,"Lakdi Pool Road, Ahmednagar, Maharashtra, 414001, India",19.090849,74.76531,"edge line, lane divider",3
frame_01529.jpg,"Lakdi Pool Road, Ahmednagar, Maharashtra, 414001, India",19.090849,74.76531,"edge line, lane divider",3
frame_01530.jpg,"Lakdi Pool Road, Ahmednagar, Maharashtra, 414001, India",19.090849,74.76531,"edge line, lane divider",3
frame_01531.jpg,"Lakdi Pool Road, Ahmednagar, Maharashtra, 414001, India",19.090849,74.76531,"edge line, lane divider",4
frame_01532.jpg,"Lakdi Pool Road, Ahmednagar, Maharashtra, 414001, India",19.090849,74.76531,"edge line, lane divider",3
frame_01533.jpg,"Lakdi Pool Road, Ahmednagar, Maharashtra, 414001, India",19.090849,74.76531,edge line,2
frame_01534.jpg,"Lakdi Pool Road, Ahmednagar, Maharashtra, 414001, India",19.090849,74.76531,edge line,2
frame_01616.jpg,"Lakdi Pool Road, Ahmednagar, Maharashtra, 414001, India",19.09134,74.766106,edge line,1
frame_01637.jpg,"Ahmednagar, Maharashtra, 414001, India",19.09226,74.76645,edge line,1
frame_01638.jpg,"Ahmednagar, Maharashtra, 414001, India",19.09226,74.76645,edge line,1
frame_01639.jpg,"Ahmednagar, Maharashtra, 414001, India",19.09226,74.76645,"edge line, lane divider",2
frame_01646.jpg,"Ahmednagar, Maharashtra, 414001, India",19.09232,74.76646,edge line,1
frame_01647.jpg,"Ahmednagar, Maharashtra, 414001, India",19.09232,74.76646,"crack, edge line",2
frame_01648.jpg,"Ahmednagar, Maharashtra, 414001, India",19.09232,74.76646,edge line,1
frame_01649.jpg,"Ahmednagar, Maharashtra, 414001, India",19.09232,74.76646,edge line,1
frame_01661.jpg,"Ahmednagar, Maharashtra, 414001, India",19.09232,74.76646,edge line,1
frame_01662.jpg,"Ahmednagar, Maharashtra, 414001, India",19.09232,74.76646,edge line,1
frame_01663.jpg,"Ahmednagar, Maharashtra, 414001, India",19.09232,74.76646,edge line,1
frame_01674.jpg,"Ahmednagar, Maharashtra, 414001, India",19.092384,74.766464,edge line,1
frame_01675.jpg,"Ahmednagar, Maharashtra, 414001, India",19.092384,74.766464,edge line,1
frame_01676.jpg,"Ahmednagar, Maharashtra, 414001, India",19.092384,74.766464,edge line,1
frame_01677.jpg,"Ahmednagar, Maharashtra, 414001, India",19.092384,74.766464,"crack, edge line",2
frame_01689.jpg,"Ahmednagar, Maharashtra, 414001, India",19.092455,74.76647,edge line,1
frame_01692.jpg,"Ahmednagar, Maharashtra, 414001, India",19.092455,74.76647,edge line,1
frame_01705.jpg,"Ahmednagar, Maharashtra, 414001, India",19.092518,74.76647,edge line,1
frame_01706.jpg,"Ahmednagar, Maharashtra, 414001, India",19.092518,74.76647,"crack, edge line",2
frame_01707.jpg,"Ahmednagar, Maharashtra, 414001, India",19.092518,74.76647,"crack, edge line",2
frame_01708.jpg,"Ahmednagar, Maharashtra, 414001, India",19.092518,74.76647,"edge line, lane divider",2
frame_01709.jpg,"Ahmednagar, Maharashtra, 414001, India",19.092518,74.76647,"edge line, lane divider",2
frame_01710.jpg,"Ahmednagar, Maharashtra, 414001, India",19.092518,74.76647,lane divider,1
frame_01711.jpg,"Ahmednagar, Maharashtra, 414001, India",19.092575,74.76647,lane divider,1
frame_01712.jpg,"Ahmednagar, Maharashtra, 414001, India",19.092575,74.76647,lane divider,1
frame_01713.jpg,"Ahmednagar, Maharashtra, 414001, India",19.092575,74.76647,lane divider,1
frame_01714.jpg,"Ahmednagar, Maharashtra, 414001, India",19.092575,74.76647,lane divider,1
frame_01715.jpg,"Ahmednagar, Maharashtra, 414001, India",19.092575,74.76647,lane divider,1
frame_01716.jpg,"Ahmednagar, Maharashtra, 414001, India",19.092575,74.76647,lane divider,1
frame_01717.jpg,"Ahmednagar, Maharashtra, 414001, India",19.092575,74.76647,lane divider,1
frame_01718.jpg,"Ahmednagar, Maharashtra, 414001, India",19.092575,74.76647,"edge line, lane divider",2
frame_01719.jpg,"Ahmednagar, Maharashtra, 414001, India",19.092575,74.76647,edge line,2
frame_01720.jpg,"Ahmednagar, Maharashtra, 414001, India",19.092575,74.76647,edge line,2
frame_01721.jpg,"Ahmednagar, Maharashtra, 414001, India",19.092575,74.76647,"crack, edge line",2
frame_01722.jpg,"Ahmednagar, Maharashtra, 414001, India",19.092575,74.76647,"crack, edge line, lane divider",3
frame_01723.jpg,"Ahmednagar, Maharashtra, 414001, India",19.092575,74.76647,"edge line, lane divider",2
frame_01724.jpg,"Ahmednagar, Maharashtra, 414001, India",19.092575,74.76647,lane divider,1
frame_01725.jpg,"Ahmednagar, Maharashtra, 414001, India",19.092575,74.76647,lane divider,1
frame_01727.jpg,"Ahmednagar, Maharashtra, 414001, India",19.092634,74.76648,lane divider,1
frame_01729.jpg,"Ahmednagar, Maharashtra, 414001, India",19.092634,74.76648,edge line,1
frame_01730.jpg,"Ahmednagar, Maharashtra, 414001, India",19.092634,74.76648,edge line,1
frame_01731.jpg,"Ahmednagar, Maharashtra, 414001, India",19.092634,74.76648,edge line,1
frame_01732.jpg,"Ahmednagar, Maharashtra, 414001, India",19.092634,74.76648,edge line,1
frame_01733.jpg,"Ahmednagar, Maharashtra, 414001, India",19.092634,74.76648,edge line,1
frame_01734.jpg,"Ahmednagar, Maharashtra, 414001, India",19.092634,74.76648,edge line,1
frame_01739.jpg,"Ahmednagar, Maharashtra, 414001, India",19.092634,74.76648,lane divider,1
frame_01744.jpg,"Ahmednagar, Maharashtra, 414001, India",19.0927,74.76649,edge line,1
frame_01745.jpg,"Ahmednagar, Maharashtra, 414001, India",19.0927,74.76649,edge line,1
frame_01755.jpg,"Ahmednagar, Maharashtra, 414001, India",19.0927,74.76649,edge line,1
frame_01756.jpg,"Ahmednagar, Maharashtra, 414001, India",19.0927,74.76649,edge line,1
frame_01757.jpg,"Ahmednagar, Maharashtra, 414001, India",19.0927,74.76649,crack,1
frame_01780.jpg,"Ahmednagar, Maharashtra, 414001, India",19.092846,74.7665,edge line,1
frame_01781.jpg,"Ahmednagar, Maharashtra, 414001, India",19.092846,74.7665,"crack, edge line",2
frame_01782.jpg,"Ahmednagar, Maharashtra, 414001, India",19.092846,74.7665,edge line,1
frame_01783.jpg,"Ahmednagar, Maharashtra, 414001, India",19.092846,74.7665,edge line,1
frame_01786.jpg,"Ahmednagar, Maharashtra, 414001, India",19.092846,74.7665,lane divider,1
frame_01787.jpg,"Ahmednagar, Maharashtra, 414001, India",19.092846,74.7665,lane divider,1
frame_01791.jpg,"Ahmednagar, Maharashtra, 414001, India",19.092916,74.766495,edge line,1
frame_01792.jpg,"Ahmednagar, Maharashtra, 414001, India",19.092916,74.766495,crack,1
frame_01793.jpg,"Ahmednagar, Maharashtra, 414001, India",19.092916,74.766495,"crack, edge line",2
frame_01794.jpg,"Ahmednagar, Maharashtra, 414001, India",19.092916,74.766495,"crack, edge line",2
frame_01795.jpg,"Ahmednagar, Maharashtra, 414001, India",19.092916,74.766495,"crack, edge line",2
frame_01796.jpg,"Ahmednagar, Maharashtra, 414001, India",19.092916,74.766495,"crack, edge line",2
frame_01797.jpg,"Ahmednagar, Maharashtra, 414001, India",19.092916,74.766495,"crack, edge line, lane divider",3
frame_01798.jpg,"Ahmednagar, Maharashtra, 414001, India",19.092916,74.766495,lane divider,1
frame_01801.jpg,"Ahmednagar, Maharashtra, 414001, India",19.092916,74.766495,edge line,1
frame_01802.jpg,"Ahmednagar, Maharashtra, 414001, India",19.092916,74.766495,lane divider,1
frame_01807.jpg,"Ahmednagar, Maharashtra, 414001, India",19.092976,74.766495,edge line,1
frame_01818.jpg,"Ahmednagar, Maharashtra, 414001, India",19.092976,74.766495,edge line,1
frame_01819.jpg,"Ahmednagar, Maharashtra, 414001, India",19.092976,74.766495,edge line,1
frame_01820.jpg,"Ahmednagar, Maharashtra, 414001, India",19.092976,74.766495,"crack, edge line",2
frame_01821.jpg,"Ahmednagar, Maharashtra, 414001, India",19.092976,74.766495,"crack, edge line",2
frame_01822.jpg,"Ahmednagar, Maharashtra, 414001, India",19.09304,74.7665,crack,1
frame_01823.jpg,"Ahmednagar, Maharashtra, 414001, India",19.09304,74.7665,crack,1
frame_01827.jpg,"Ahmednagar, Maharashtra, 414001, India",19.09304,74.7665,crack,1
frame_01828.jpg,"Ahmednagar, Maharashtra, 414001, India",19.09304,74.7665,"crack, edge line",2
frame_01830.jpg,"Ahmednagar, Maharashtra, 414001, India",19.09304,74.7665,edge line,1
frame_01831.jpg,"Ahmednagar, Maharashtra, 414001, India",19.09304,74.7665,edge line,1
frame_01832.jpg,"Ahmednagar, Maharashtra, 414001, India",19.09304,74.7665,"crack, edge line",2
frame_01833.jpg,"Ahmednagar, Maharashtra, 414001, India",19.09304,74.7665,"crack, edge line",2
frame_01834.jpg,"Ahmednagar, Maharashtra, 414001, India",19.09304,74.7665,edge line,1
frame_01835.jpg,"Ahmednagar, Maharashtra, 414001, India",19.09304,74.7665,crack,1
frame_01836.jpg,"Ahmednagar, Maharashtra, 414001, India",19.09304,74.7665,crack,1
frame_01843.jpg,"Ahmednagar, Maharashtra, 414001, India",19.09311,74.7665,edge line,1
frame_01844.jpg,"Ahmednagar, Maharashtra, 414001, India",19.09311,74.7665,edge line,1
frame_01845.jpg,"Ahmednagar, Maharashtra, 414001, India",19.09311,74.7665,edge line,1
frame_01846.jpg,"Ahmednagar, Maharashtra, 414001, India",19.09311,74.7665,edge line,1
frame_01847.jpg,"Ahmednagar, Maharashtra, 414001, India",19.09311,74.7665,crack,1
frame_01853.jpg,"Ahmednagar, Maharashtra, 414001, India",19.093184,74.76651,edge line,1
frame_01858.jpg,"Ahmednagar, Maharashtra, 414001, India",19.093184,74.76651,crack,1
frame_01860.jpg,"Ahmednagar, Maharashtra, 414001, India",19.093184,74.76651,edge line,1
frame_01869.jpg,"Ahmednagar, Maharashtra, 414001, India",19.093239,74.76652,edge line,1
frame_01870.jpg,"Ahmednagar, Maharashtra, 414001, India",19.093239,74.76652,"edge line, lane divider",2
frame_01871.jpg,"Ahmednagar, Maharashtra, 414001, India",19.093239,74.76652,"crack, edge line",2
frame_01872.jpg,"Ahmednagar, Maharashtra, 414001, India",19.093239,74.76652,"crack, edge line, lane divider",3
frame_01873.jpg,"Ahmednagar, Maharashtra, 414001, India",19.093239,74.76652,"crack, edge line",2
frame_01874.jpg,"Ahmednagar, Maharashtra, 414001, India",19.093239,74.76652,"crack, lane divider",2
frame_01875.jpg,"Ahmednagar, Maharashtra, 414001, India",19.093239,74.76652,"edge line, lane divider",2
frame_01876.jpg,"Ahmednagar, Maharashtra, 414001, India",19.093239,74.76652,lane divider,1
frame_01877.jpg,"Ahmednagar, Maharashtra, 414001, India",19.093239,74.76652,lane divider,1
frame_01878.jpg,"Ahmednagar, Maharashtra, 414001, India",19.093239,74.76652,lane divider,1
frame_01879.jpg,"Ahmednagar, Maharashtra, 414001, India",19.093239,74.76652,lane divider,1
frame_01880.jpg,"Ahmednagar, Maharashtra, 414001, India",19.093239,74.76652,lane divider,1
frame_01883.jpg,"Ahmednagar, Maharashtra, 414001, India",19.093239,74.76652,"edge line, lane divider",2
frame_01884.jpg,"Ahmednagar, Maharashtra, 414001, India",19.093239,74.76652,edge line,1
frame_01885.jpg,"Ahmednagar, Maharashtra, 414001, India",19.093296,74.76652,"crack, edge line",2
frame_01886.jpg,"Ahmednagar, Maharashtra, 414001, India",19.093296,74.76652,"crack, edge line",2
frame_01887.jpg,"Ahmednagar, Maharashtra, 414001, India",19.093296,74.76652,edge line,1
frame_01888.jpg,"Ahmednagar, Maharashtra, 414001, India",19.093296,74.76652,edge line,1
frame_01896.jpg,"Ahmednagar, Maharashtra, 414001, India",19.093296,74.76652,edge line,1
frame_01898.jpg,"Ahmednagar, Maharashtra, 414001, India",19.093296,74.76652,"crack, edge line",2
frame_01919.jpg,"Ahmednagar, Maharashtra, 414001, India",19.09322,74.766525,"crack, edge line",2
frame_01923.jpg,"Ahmednagar, Maharashtra, 414001, India",19.09322,74.766525,crack,1
frame_01943.jpg,"Ahmednagar, Maharashtra, 414001, India",19.09316,74.76651,lane divider,1
frame_01944.jpg,"Ahmednagar, Maharashtra, 414001, India",19.09316,74.76651,edge line,1
frame_01945.jpg,"Ahmednagar, Maharashtra, 414001, India",19.09316,74.76651,edge line,2
frame_01946.jpg,"Ahmednagar, Maharashtra, 414001, India",19.09316,74.76651,edge line,1
frame_01947.jpg,"Ahmednagar, Maharashtra, 414001, India",19.09316,74.76651,edge line,1
frame_01948.jpg,"Ahmednagar, Maharashtra, 414001, India",19.09316,74.76651,edge line,1
frame_01949.jpg,"Ahmednagar, Maharashtra, 414001, India",19.09316,74.76651,edge line,1
frame_01950.jpg,"Ahmednagar, Maharashtra, 414001, India",19.09316,74.76651,edge line,1
frame_01951.jpg,"Ahmednagar, Maharashtra, 414001, India",19.09316,74.76651,edge line,1
frame_01952.jpg,"Ahmednagar, Maharashtra, 414001, India",19.09316,74.76651,lane divider,1
frame_01953.jpg,"Ahmednagar, Maharashtra, 414001, India",19.09316,74.76651,"edge line, lane divider",2
frame_01954.jpg,"Ahmednagar, Maharashtra, 414001, India",19.09316,74.76651,lane divider,1
frame_01955.jpg,"Ahmednagar, Maharashtra, 414001, India",19.09316,74.76651,lane divider,1
frame_01958.jpg,"Ahmednagar, Maharashtra, 414001, India",19.093098,74.76651,lane divider,1
frame_01959.jpg,"Ahmednagar, Maharashtra, 414001, India",19.093098,74.76651,"edge line, lane divider",2
frame_01960.jpg,"Ahmednagar, Maharashtra, 414001, India",19.093098,74.76651,edge line,1
frame_01962.jpg,"Ahmednagar, Maharashtra, 414001, India",19.093098,74.76651,"crack, edge line, lane divider",3
frame_01963.jpg,"Ahmednagar, Maharashtra, 414001, India",19.093098,74.76651,"crack, lane divider",2
frame_01964.jpg,"Ahmednagar, Maharashtra, 414001, India",19.093098,74.76651,"crack, edge line",2
frame_01965.jpg,"Ahmednagar, Maharashtra, 414001, India",19.093098,74.76651,edge line,1
frame_01966.jpg,"Ahmednagar, Maharashtra, 414001, India",19.093098,74.76651,edge line,1
frame_01967.jpg,"Ahmednagar, Maharashtra, 414001, India",19.093098,74.76651,edge line,1
frame_01969.jpg,"Ahmednagar, Maharashtra, 414001, India",19.093098,74.76651,"edge line, lane divider",2
frame_01970.jpg,"Ahmednagar, Maharashtra, 414001, India",19.093098,74.76651,lane divider,1
frame_01972.jpg,"Ahmednagar, Maharashtra, 414001, India",19.093098,74.76651,lane divider,1
frame_01973.jpg,"Ahmednagar, Maharashtra, 414001, India",19.093042,74.766495,"edge line, lane divider",2
frame_01974.jpg,"Ahmednagar, Maharashtra, 414001, India",19.093042,74.766495,edge line,1
frame_01975.jpg,"Ahmednagar, Maharashtra, 414001, India",19.093042,74.766495,"crack, edge line",2
frame_01976.jpg,"Ahmednagar, Maharashtra, 414001, India",19.093042,74.766495,edge line,1
frame_01977.jpg,"Ahmednagar, Maharashtra, 414001, India",19.093042,74.766495,edge line,1
frame_01978.jpg,"Ahmednagar, Maharashtra, 414001, India",19.093042,74.766495,edge line,1
frame_01979.jpg,"Ahmednagar, Maharashtra, 414001, India",19.093042,74.766495,"crack, edge line, lane divider",3
frame_01980.jpg,"Ahmednagar, Maharashtra, 414001, India",19.093042,74.766495,lane divider,1
frame_01984.jpg,"Ahmednagar, Maharashtra, 414001, India",19.093042,74.766495,lane divider,1
frame_01986.jpg,"Ahmednagar, Maharashtra, 414001, India",19.093042,74.766495,edge line,1
frame_01987.jpg,"Ahmednagar, Maharashtra, 414001, India",19.093042,74.766495,edge line,1
frame_01988.jpg,"Ahmednagar, Maharashtra, 414001, India",19.093042,74.766495,edge line,1
frame_02004.jpg,"Ahmednagar, Maharashtra, 414001, India",19.0929,74.766495,edge line,1
frame_02005.jpg,"Ahmednagar, Maharashtra, 414001, India",19.0929,74.766495,edge line,1
frame_02006.jpg,"Ahmednagar, Maharashtra, 414001, India",19.0929,74.766495,crack,1
frame_02017.jpg,"Ahmednagar, Maharashtra, 414001, India",19.0929,74.766495,edge line,1
frame_02018.jpg,"Ahmednagar, Maharashtra, 414001, India",19.0929,74.766495,edge line,1
frame_02019.jpg,"Ahmednagar, Maharashtra, 414001, India",19.0929,74.766495,edge line,1
frame_02031.jpg,"Ahmednagar, Maharashtra, 414001, India",19.092827,74.766495,edge line,1
frame_02032.jpg,"Ahmednagar, Maharashtra, 414001, India",19.092827,74.766495,edge line,1
frame_02043.jpg,"Ahmednagar, Maharashtra, 414001, India",19.092758,74.766495,edge line,1
frame_02044.jpg,"Ahmednagar, Maharashtra, 414001, India",19.092758,74.766495,edge line,1
frame_02045.jpg,"Ahmednagar, Maharashtra, 414001, India",19.092758,74.766495,edge line,1
frame_02046.jpg,"Ahmednagar, Maharashtra, 414001, India",19.092758,74.766495,edge line,1
frame_02047.jpg,"Ahmednagar, Maharashtra, 414001, India",19.092758,74.766495,edge line,1
frame_02048.jpg,"Ahmednagar, Maharashtra, 414001, India",19.092758,74.766495,edge line,1
frame_02049.jpg,"Ahmednagar, Maharashtra, 414001, India",19.092758,74.766495,edge line,1
frame_02050.jpg,"Ahmednagar, Maharashtra, 414001, India",19.092758,74.766495,edge line,1
frame_02070.jpg,"Ahmednagar, Maharashtra, 414001, India",19.092697,74.766495,edge line,1
frame_02071.jpg,"Ahmednagar, Maharashtra, 414001, India",19.092632,74.76649,edge line,1
frame_02072.jpg,,19092632,74.76649,edge line,1
frame_02073.jpg,"Ahmednagar, Maharashtra, 414001, India",19.092632,74.76649,edge line,1
frame_02074.jpg,"Ahmednagar, Maharashtra, 414001, India",19.092632,74.76649,edge line,1
frame_02075.jpg,"Ahmednagar, Maharashtra, 414001, India",19.092632,74.76649,edge line,1
frame_02085.jpg,"Ahmednagar, Maharashtra, 414001, India",19.092632,74.76649,edge line,1
frame_02086.jpg,"Ahmednagar, Maharashtra, 414001, India",19.092567,74.76649,edge line,1
frame_02088.jpg,"Ahmednagar, Maharashtra, 414001, India",19.092567,74.76649,"crack, edge line",2
frame_02089.jpg,"Ahmednagar, Maharashtra, 414001, India",19.092567,74.76649,crack,1
frame_02097.jpg,"Ahmednagar, Maharashtra, 414001, India",19.092567,74.76649,"edge line,pothole",2
frame_02098.jpg,"Ahmednagar, Maharashtra, 414001, India",19.092567,74.76649,"crack, edge line,pothole",3
frame_02099.jpg,"Ahmednagar, Maharashtra, 414001, India",19.092567,74.76649,"edge line, lane divider",2
frame_02100.jpg,"Ahmednagar, Maharashtra, 414001, India",19.092567,74.76649,"edge line, lane divider",2
frame_02101.jpg,"Ahmednagar, Maharashtra, 414001, India",19.092567,74.76649,"crack, edge line",2
frame_02102.jpg,"Ahmednagar, Maharashtra, 414001, India",19.092567,74.76649,"crack, edge line",2
frame_02103.jpg,"Ahmednagar, Maharashtra, 414001, India",19.092567,74.76649,"crack,pothole",2
frame_02104.jpg,"Ahmednagar, Maharashtra, 414001, India",19.092567,74.76649,"crack, edge line",2
frame_02105.jpg,"Ahmednagar, Maharashtra, 414001, India",19.092567,74.76649,edge line,1
frame_02108.jpg,"Ahmednagar, Maharashtra, 414001, India",19.092503,74.76647,edge line,1
frame_02111.jpg,"Ahmednagar, Maharashtra, 414001, India",19.092503,74.76647,edge line,2
frame_02112.jpg,"Ahmednagar, Maharashtra, 414001, India",19.092503,74.76647,"crack, edge line",2
frame_02113.jpg,"Ahmednagar, Maharashtra, 414001, India",19.092503,74.76647,"crack, edge line",2
frame_02114.jpg,"Ahmednagar, Maharashtra, 414001, India",19.092503,74.76647,edge line,1
frame_02115.jpg,"Ahmednagar, Maharashtra, 414001, India",19.092503,74.76647,"crack, edge line",2
frame_02116.jpg,"Ahmednagar, Maharashtra, 414001, India",19.092503,74.76647,crack,1
frame_02149.jpg,"Ahmednagar, Maharashtra, 414001, India",19.092388,74.76645,edge line,1
frame_02151.jpg,"Ahmednagar, Maharashtra, 414001, India",19.092388,74.76645,edge line,1
frame_02152.jpg,"Ahmednagar, Maharashtra, 414001, India",19.092388,74.76645,edge line,1
frame_02153.jpg,"Ahmednagar, Maharashtra, 414001, India",19.09231,74.76644,edge line,1
frame_02154.jpg,"Ahmednagar, Maharashtra, 414001, India",19.09231,74.76644,edge line,1
frame_02164.jpg,"Ahmednagar, Maharashtra, 414001, India",19.09231,74.76644,edge line,1
frame_02165.jpg,"Ahmednagar, Maharashtra, 414001, India",19.09231,74.76644,edge line,2
frame_02174.jpg,"Ahmednagar, Maharashtra, 414001, India",19.092234,74.76643,edge line,1
frame_02175.jpg,"Ahmednagar, Maharashtra, 414001, India",19.092234,74.76643,edge line,1
frame_02176.jpg,"Ahmednagar, Maharashtra, 414001, India",19.092234,74.76643,edge line,1
frame_02177.jpg,"Ahmednagar, Maharashtra, 414001, India",19.092234,74.76643,edge line,1
frame_02207.jpg,"Ahmednagar, Maharashtra, 414001, India",19.092096,74.76643,edge line,1
frame_02212.jpg,"Lakdi Pool Road, Ahmednagar, Maharashtra, 414001, India",19.090899,74.76509,edge line,1
frame_02213.jpg,"Lakdi Pool Road, Ahmednagar, Maharashtra, 414001, India",19.090899,74.76509,edge line,1
frame_02214.jpg,"Lakdi Pool Road, Ahmednagar, Maharashtra, 414001, India",19.090899,74.76509,edge line,1
frame_02215.jpg,"Lakdi Pool Road, Ahmednagar, Maharashtra, 414001, India",19.090899,74.76509,edge line,1
frame_02216.jpg,"Lakdi Pool Road, Ahmednagar, Maharashtra, 414001, India",19.090899,74.76509,edge line,1
frame_02217.jpg,"Lakdi Pool Road, Ahmednagar, Maharashtra, 414001, India",19.090899,74.76509,edge line,1
frame_02218.jpg,"Lakdi Pool Road, Ahmednagar, Maharashtra, 414001, India",19.090899,74.76509,edge line,1
frame_02219.jpg,"Lakdi Pool Road, Ahmednagar, Maharashtra, 414001, India",19.090899,74.76509,edge line,1
frame_02220.jpg,"Lakdi Pool Road, Ahmednagar, Maharashtra, 414001, India",19.090899,74.76509,edge line,1
frame_02221.jpg,"Lakdi Pool Road, Ahmednagar, Maharashtra, 414001, India",19.090899,74.76509,edge line,1
frame_02222.jpg,"Lakdi Pool Road, Ahmednagar, Maharashtra, 414001, India",19.090899,74.76509,edge line,1
frame_02223.jpg,"Lakdi Pool Road, Ahmednagar, Maharashtra, 414001, India",19.090899,74.76509,edge line,1
frame_02224.jpg,"Lakdi Pool Road, Ahmednagar, Maharashtra, 414001, India",19.090899,74.76509,edge line,1
frame_02225.jpg,"Lakdi Pool Road, Ahmednagar, Maharashtra, 414001, India",19.090899,74.76509,edge line,1
frame_02226.jpg,"Lakdi Pool Road, Ahmednagar, Maharashtra, 414001, India",19.090908,74.76503,edge line,1
frame_02228.jpg,"Lakdi Pool Road, Ahmednagar, Maharashtra, 414001, India",19.090908,74.76503,lane divider,1
frame_02232.jpg,"Lakdi Pool Road, Ahmednagar, Maharashtra, 414001, India",19.090908,74.76503,edge line,1
frame_02233.jpg,"Lakdi Pool Road, Ahmednagar, Maharashtra, 414001, India",19.090908,74.76503,"crack, edge line",2
frame_02234.jpg,"Lakdi Pool Road, Ahmednagar, Maharashtra, 414001, India",19.090908,74.76503,"crack, edge line",2
frame_02235.jpg,"Lakdi Pool Road, Ahmednagar, Maharashtra, 414001, India",19.090908,74.76503,"crack, lane divider",3
frame_02236.jpg,"Lakdi Pool Road, Ahmednagar, Maharashtra, 414001, India",19.090908,74.76503,crack,1
frame_02237.jpg,"Lakdi Pool Road, Ahmednagar, Maharashtra, 414001, India",19.090908,74.76503,crack,1
frame_02238.jpg,"Lakdi Pool Road, Ahmednagar, Maharashtra, 414001, India",19.090908,74.76503,crack,1
frame_02239.jpg,"Lakdi Pool Road, Ahmednagar, Maharashtra, 414001, India",19.090908,74.76503,lane divider,1
frame_02240.jpg,"Lakdi Pool Road, Ahmednagar, Maharashtra, 414001, India",19.09093,74.764946,lane divider,1
frame_02243.jpg,"Lakdi Pool Road, Ahmednagar, Maharashtra, 414001, India",19.09093,74.764946,"crack, edge line",2
frame_02244.jpg,"Lakdi Pool Road, Ahmednagar, Maharashtra, 414001, India",19.09093,74.764946,crack,1
frame_02245.jpg,"Lakdi Pool Road, Ahmednagar, Maharashtra, 414001, India",19.09093,74.764946,"crack, edge line, lane divider",3
frame_02246.jpg,"Lakdi Pool Road, Ahmednagar, Maharashtra, 414001, India",19.09093,74.764946,crack,1
frame_02247.jpg,"Lakdi Pool Road, Ahmednagar, Maharashtra, 414001, India",19.09093,74.764946,edge line,1
frame_02249.jpg,"Lakdi Pool Road, Ahmednagar, Maharashtra, 414001, India",19.09093,74.764946,edge line,1
frame_02261.jpg,"Lakdi Pool Road, Ahmednagar, Maharashtra, 414001, India",19.090956,74.76486,lane divider,1
frame_02263.jpg,"Lakdi Pool Road, Ahmednagar, Maharashtra, 414001, India",19.090956,74.76486,edge line,1
frame_02264.jpg,"Lakdi Pool Road, Ahmednagar, Maharashtra, 414001, India",19.090956,74.76486,lane divider,1
frame_02265.jpg,"Lakdi Pool Road, Ahmednagar, Maharashtra, 414001, India",19.090956,74.76486,edge line,1
frame_02266.jpg,"Lakdi Pool Road, Ahmednagar, Maharashtra, 414001, India",19.090956,74.76486,edge line,1
frame_02268.jpg,"Lakdi Pool Road, Ahmednagar, Maharashtra, 414001, India",19.090956,74.76486,edge line,1
frame_02273.jpg,"Lakdi Pool Road, Ahmednagar, Maharashtra, 414001, India",19.09097,74.76478,"crack, edge line",2
frame_02279.jpg,"Lakdi Pool Road, Ahmednagar, Maharashtra, 414001, India",19.09097,74.76478,edge line,1
frame_02280.jpg,"Lakdi Pool Road, Ahmednagar, Maharashtra, 414001, India",19.09097,74.76478,"crack, lane divider",2
frame_02281.jpg,"Lakdi Pool Road, Ahmednagar, Maharashtra, 414001, India",19.09097,74.76478,"crack, edge line",2
frame_02282.jpg,"Lakdi Pool Road, Ahmednagar, Maharashtra, 414001, India",19.09097,74.76478,"crack, edge line",2
frame_02283.jpg,"Lakdi Pool Road, Ahmednagar, Maharashtra, 414001, India",19.09097,74.76478,"crack, edge line",2
frame_02284.jpg,"Lakdi Pool Road, Ahmednagar, Maharashtra, 414001, India",19.09097,74.76478,"edge line,pothole",2
frame_02291.jpg,"Lakdi Pool Road, Ahmednagar, Maharashtra, 414001, India",19.090986,74.7647,"edge line,pothole",2
frame_02296.jpg,"Lakdi Pool Road, Ahmednagar, Maharashtra, 414001, India",19.090986,74.7647,"edge line,pothole",3
frame_02297.jpg,"Lakdi Pool Road, Ahmednagar, Maharashtra, 414001, India",19.090986,74.7647,"edge line, lane divider",3
frame_02298.jpg,"Lakdi Pool Road, Ahmednagar, Maharashtra, 414001, India",19.090986,74.7647,crack,1
frame_02300.jpg,"Lakdi Pool Road, Ahmednagar, Maharashtra, 414001, India",19.090986,74.7647,edge line,1
frame_02301.jpg,"Lakdi Pool Road, Ahmednagar, Maharashtra, 414001, India",19.090986,74.7647,edge line,1
frame_02302.jpg,"Lakdi Pool Road, Ahmednagar, Maharashtra, 414001, India",19.090986,74.7647,crack,1
frame_02303.jpg,"Lakdi Pool Road, Ahmednagar, Maharashtra, 414001, India",19.090986,74.7647,edge line,1
frame_02305.jpg,"Lakdi Pool Road, Ahmednagar, Maharashtra, 414001, India",19.091003,74.76463,lane divider,1
frame_02309.jpg,"Lakdi Pool Road, Ahmednagar, Maharashtra, 414001, India",19.091003,74.76463,lane divider,1
frame_02310.jpg,"Lakdi Pool Road, Ahmednagar, Maharashtra, 414001, India",19.091003,74.76463,lane divider,1
frame_02311.jpg,"Lakdi Pool Road, Ahmednagar, Maharashtra, 414001, India",19.091003,74.76463,"crack, edge line",2
frame_02312.jpg,"Lakdi Pool Road, Ahmednagar, Maharashtra, 414001, India",19.091003,74.76463,"crack, edge line",2
frame_02313.jpg,"Lakdi Pool Road, Ahmednagar, Maharashtra, 414001, India",19.091003,74.76463,"crack, edge line",2
frame_02314.jpg,"Lakdi Pool Road, Ahmednagar, Maharashtra, 414001, India",19.091003,74.76463,"crack, edge line",2
frame_02315.jpg,"Lakdi Pool Road, Ahmednagar, Maharashtra, 414001, India",19.091003,74.76463,"crack,pothole",4
frame_02316.jpg,"Lakdi Pool Road, Ahmednagar, Maharashtra, 414001, India",19.091003,74.76463,lane divider,1
frame_02328.jpg,"Lakdi Pool Road, Ahmednagar, Maharashtra, 414001, India",19.091028,74.76458,lane divider,1
frame_02332.jpg,"Lakdi Pool Road, Ahmednagar, Maharashtra, 414001, India",19.091028,74.76458,crack,1
frame_02333.jpg,"Lakdi Pool Road, Ahmednagar, Maharashtra, 414001, India",19.091028,74.76458,lane divider,1
frame_02334.jpg,"Lakdi Pool Road, Ahmednagar, Maharashtra, 414001, India",19.091028,74.76458,"lane divider,pothole",4
frame_02335.jpg,"Lakdi Pool Road, Ahmednagar, Maharashtra, 414001, India",19.091028,74.76458,lane divider,1
frame_02336.jpg,"Lakdi Pool Road, Ahmednagar, Maharashtra, 414001, India",19.091028,74.76458,lane divider,1
frame_02337.jpg,"Lakdi Pool Road, Ahmednagar, Maharashtra, 414001, India",19.091042,74.7645,"lane divider,pothole",2
frame_02338.jpg,"Lakdi Pool Road, Ahmednagar, Maharashtra, 414001, India",19.091042,74.7645,lane divider,1
frame_02340.jpg,"Lakdi Pool Road, Ahmednagar, Maharashtra, 414001, India",19.091042,74.7645,"edge line,pothole",1
frame_02341.jpg,"Lakdi Pool Road, Ahmednagar, Maharashtra, 414001, India",19.091042,74.7645,"edge line,pothole",3
